"","sheet","chain","co_owned","state","southj","centralj","northj","pa1","pa2","shore","ncalls","empft","emppt","nmgrs","wage_st","inctime","firstinc","bonus","pctaff","meals","open","hrsopen","psoda","pfry","pentree","nregs","nregs11","type2","status2","date2","ncalls2","empft2","emppt2","nmgrs2","wage_st2","inctime2","firstin2","special2","meals2","open2r","hrsopen2","psoda2","pfry2","pentree2","nregs2","nregs112"
"1","46",1,0,0,0,0,0,1,0,0,0,30,15,3,NA,19,NA,1,NA,2,6.5,16.5,1.03,1.03,0.52,3,3,1,1,111792,1,3.5,35,3,4.3,26,0.08,1,2,6.5,16.5,1.03,NA,0.94,4,4
"2","49",2,0,0,0,0,0,1,0,0,0,6.5,6.5,4,NA,26,NA,0,NA,2,10,13,1.01,0.9,2.35,4,3,1,1,111292,NA,0,15,4,4.45,13,0.05,0,2,10,13,1.01,0.89,2.35,4,4
"3","506",2,1,0,0,0,0,1,0,0,0,3,7,2,NA,13,0.37,0,30,2,11,10,0.95,0.74,2.33,3,3,1,1,111292,NA,3,7,4,5,19,0.25,NA,1,11,11,0.95,0.74,2.33,4,3
"4","56",4,1,0,0,0,0,1,0,0,0,20,20,4,5,26,0.1,1,0,2,10,12,0.87,0.82,1.79,2,2,1,1,111492,NA,0,36,2,5.25,26,0.15,0,2,10,12,0.92,0.79,0.87,2,2
"5","61",4,1,0,0,0,0,1,0,0,0,6,26,5,5.5,52,0.15,1,0,3,10,12,0.87,0.77,1.65,2,2,1,1,111492,NA,28,3,6,4.75,13,0.15,0,2,10,12,1.01,0.84,0.95,2,2
"6","62",4,1,0,0,0,0,1,0,0,2,0,31,5,5,26,0.07,0,45,2,10,12,0.87,0.77,0.95,2,2,1,1,111492,NA,NA,NA,NA,NA,26,NA,0,2,10,12,NA,0.84,1.79,3,3
"7","445",1,0,0,0,0,0,0,1,0,0,50,35,3,5,26,0.1,0,0,2,6,18,1.04,0.88,0.94,3,3,1,1,110792,NA,15,18,5,4.75,26,0.15,0,2,6,18,1.04,0.86,0.94,3,3
"8","451",1,0,0,0,0,0,0,1,0,0,10,17,5,5,52,0.25,0,0,2,0,24,1.05,0.84,0.96,6,4,1,1,111792,2,26,9,6,5,26,0.2,0,2,0,24,1.11,0.84,0.94,6,3
"9","455",2,1,0,0,0,0,0,1,0,0,2,8,5,5.25,13,0.25,0,0,1,11,10,0.73,0.73,2.32,2,2,1,1,111292,NA,3,12,2,5,13,0.25,0,2,11,11,0.94,0.84,2.32,4,3
"10","458",2,1,0,0,0,0,1,0,0,2,2,10,2,5,19,0.15,0,0,1,11,10,0.94,0.73,2.32,4,4,1,1,111792,1,2,9,2,5,13,0.25,0,1,11,10.5,0.9,0.73,2.32,4,3
"11","462",3,1,0,0,0,0,0,1,0,0,2.5,20,3,5,13,0.37,1,5,2,9,12.5,1.05,1.01,1.11,4,4,2,1,122292,1,1,25,4,4.75,13,0.2,0,2,9,12,1.01,1.01,0.89,6,3
"12","468",1,0,0,0,0,0,0,1,0,0,40,30,3,5,13,0.17,0,0,2,6,18,0.95,0.94,0.95,4,3,1,1,110792,NA,9,32,4,5,26,0.13,1,2,6,18,0.97,0.84,0.86,4,3
"13","469",1,0,0,0,0,0,0,1,0,0,8,27,5,5,39,0.25,0,80,2,6,18,0.92,0.72,0.96,3,2,1,1,111692,1,7,39,4,4.5,41,0.23,0,2,6,18,0.92,0.81,0.87,3,3
"14","470",1,0,0,0,0,0,0,1,0,0,10.5,30,3,5.5,NA,0.3,0,0,2,6,18,0.97,0.84,0.94,3,3,1,1,111792,2,18,10,3,4.75,13,0.15,1,2,6,18,1.03,0.84,0.94,3,2
"15","474",1,0,0,0,0,0,0,1,0,2,6,9,3,5,26,0.37,0,0,2,9,12.5,1.13,0.98,1.01,3,1,2,1,122292,1,5,20,3,4.5,NA,0,0,2,8.5,13,1.09,0.94,0.94,3,2
"16","481",2,1,0,0,0,0,0,1,0,2,5,17.5,3,5.25,26,0.25,1,0,3,11,10,0.95,0.74,2.53,5,4,1,1,111792,2,15,4,3,5,26,0.25,1,2,11,11,0.74,0.73,2.53,3,3
"17","483",2,1,0,0,0,0,0,1,0,0,1,15,1,5,13,0.07,1,0,2,11,10,0.94,0.73,2.32,4,3,1,1,111292,NA,4,13,3,4.75,13,0.18,0,1,11,11,0.95,0.74,2.33,4,3
"18","487",3,1,0,0,0,0,0,1,0,0,10,6,2,5,13,0.17,1,0,2,10,11.5,1.11,0.91,0.95,6,3,1,1,111192,NA,6,20,3,4.75,26,0.1,0,2,10.5,11,1.05,1.01,0.94,6,1
"19","488",3,0,0,0,0,0,0,1,0,1,20,13,3,5,13,0.25,1,0,2,6,16,1.05,0.79,1.01,5,5,1,1,111192,NA,5,15,3,4.75,26,0.13,0,2,7,15,1.01,1.01,0.94,5,3
"20","489",3,0,0,0,0,0,0,1,0,2,5,23,2,5,13,0.37,1,6,2,7,14,1.05,1.01,0.94,4,4,1,1,111892,2,2,19,3,4.25,26,0.13,0,2,10,11.5,1.01,1.01,1.05,6,3
"21","490",3,1,0,0,0,0,0,1,0,0,10,12.5,4,5,13,0.12,0,0,2,6,16,1.05,1.01,1.05,4,4,1,1,111692,1,2,18,3,5,26,0.28,0,2,6,16,1.01,1.01,1.05,5,3
"22","493",3,1,0,0,0,0,1,0,0,0,27,12,3,5,26,0.25,0,0,2,6,16,1.05,0.9,2.01,6,3,1,1,111192,NA,0,30,4,4.9,13,0.25,0,2,6,16,1.02,1.01,0.84,3,3
"23","495",3,0,0,0,0,0,0,1,0,2,4,28,3,5,26,0.25,0,2,2,7,15,1.05,1.01,0.94,3,3,1,1,111192,NA,8,20,3,5,26,0.25,1,2,6,16,0.96,1.01,1.01,5,3
"24","496",3,1,0,0,0,0,0,1,0,0,10,15,3,5,13,0.17,1,0,2,6,16,1.05,0.9,0.73,5,3,1,1,111192,NA,10,10,3,4.75,19,0.18,0,2,6,16,1.01,1.01,0.89,NA,NA
"25","499",4,1,0,0,0,0,0,1,0,0,0,28,5,5,26,0.07,1,11,2,10,12,0.9,0.69,1.75,2,2,1,1,111492,1,0,31,5,5,26,0.1,1,2,10,12,0.9,0.69,0.94,2,2
"26","509",3,1,0,0,0,0,0,1,0,2,3,16,3,5,13,0.25,0,30,2,6,16,1.05,0.95,1.16,6,3,1,1,111192,NA,5.5,10,3,4.25,26,0.2,0,2,6.5,15.5,1,1.01,0.94,3,2
"27","515",3,1,0,0,0,0,0,1,0,0,7,16,4,5,13,0.2,0,33,2,6,16,1.05,0.94,1.16,5,3,1,1,111192,NA,5,19,3,4.75,13,0.18,0,2,6,16,1.01,1.01,0.94,5,4
"28","37",1,0,0,0,0,0,1,0,0,2,21,9,7,4.25,4,0.25,0,33,2,6.5,16.5,0.98,0.84,0.84,5,3,1,1,111092,NA,6,25,7,4.25,52,0.18,0,2,6.5,16.5,0.98,0.84,0.86,6,3
"29","39",1,0,0,0,0,0,1,0,0,0,1,32,2,4.25,8,NA,0,100,2,6.5,17.5,1.03,0.73,0.52,4,2,1,1,111792,NA,5,15,3,NA,NA,NA,0,2,6.5,16.5,1.05,NA,0.63,4,2
"30","40",1,0,0,0,0,0,1,0,0,0,10,20,7,4.25,4,0.15,0,100,2,6.5,16.5,0.98,0.82,0.8,3,3,1,1,111092,NA,7,25,6,4.25,8,0.13,0,2,6.5,17.5,0.98,0.82,0.87,3,2
"31","41",1,0,0,0,0,0,1,0,0,0,0,27,6,4.25,18,0.2,0,100,2,6.5,16.5,0.98,0.82,0.85,3,3,1,1,111892,2,0,42,6,4.25,NA,NA,0,2,6.5,17.5,0.94,0.78,0.91,3,2
"32","42",1,0,0,0,0,0,1,0,0,2,17,4,5,4.5,NA,NA,0,100,2,6.5,16.5,0.98,0.83,0.86,3,3,1,1,111792,1,0,22,5,4.25,26,0.25,0,2,6.5,16.5,0.94,NA,NA,3,2
"33","45",1,0,0,0,0,0,1,0,0,0,0,24,6,4.25,2,0.25,0,25,2,7,16,0.98,0.83,0.86,3,3,1,1,111092,NA,11,12,2,4.25,26,0.15,0,3,6.5,17.5,0.98,0.75,0.86,3,3
"34","47",1,0,0,0,0,0,1,0,0,2,25,15,NA,4.5,4,0.17,0,75,2,6,17,1.05,0.86,0.86,3,3,1,1,111092,NA,0,45,2,4.25,NA,NA,0,2,6,18,1.05,0.86,0.86,3,NA
"35","48",1,0,0,0,0,0,1,0,0,0,6,20,3,4.25,13,0.2,1,31,3,7,14,1.01,0.84,0.63,4,3,1,1,111092,NA,7.5,25,5,4.38,13,0.25,1,3,7,14,0.98,0.79,0.87,4,3
"36","50",2,0,0,0,0,0,1,0,0,0,6,10,3,4.5,13,NA,0,20,2,10,12,1.01,0.89,3.5,4,3,1,1,111292,NA,4,20,3,4.75,13,0.1,0,2,10,13,1.01,0.89,2.35,4,3
"37","51",2,0,0,0,0,0,1,0,0,1,0,15,3,4.25,NA,0.15,0,100,2,10,13,1.01,0.89,2.35,4,3,1,1,111792,2,6,15,3,4.25,NA,NA,0,2,10,13,1,0.89,2.35,5,3
"38","57",4,1,0,0,0,0,1,0,0,0,30,10,3,4.67,26,0.07,1,70,2,10,12,0.87,0.79,0.9,2,2,1,1,111492,1,7,18,4,4.5,26,0.13,1,2,10,12,1.01,0.78,0.9,2,2
"39","58",4,1,0,0,0,0,1,0,0,2,8,25,3,4.75,26,0.15,0,80,2,10,12,0.87,0.77,1.01,2,2,1,1,111492,2,0,28,4,4.5,26,0.08,1,2,10,12,1.04,0.84,0.94,2,2
"40","59",4,0,0,0,0,0,1,0,0,3,0,15,3,4.25,26,0.1,0,90,1,7.5,10.5,0.91,0.89,0.81,2,2,1,1,111492,1,0,16,4,4.25,26,0.1,0,1,7.5,10.5,1.01,0.84,0.86,2,2
"41","60",4,0,0,0,0,0,1,0,0,0,10,20,5,4.25,4,0.1,0,75,1,10.5,11.5,0.94,0.74,0.86,2,2,1,1,111792,2,10,20,5,4.25,4,0.25,0,1,10,12,0.98,0.84,0.86,2,2
"42","407",2,1,0,0,0,0,0,1,0,0,2,12,3,4.75,52,0.12,0,90,3,11,10,0.95,0.74,2.33,4,3,1,1,111492,NA,1,14,3,4.25,4,0.3,0,1,11,11,0.95,0.84,2.53,4,3
"43","430",1,0,0,0,0,0,1,0,0,0,20,25,4,4.25,13,0.15,0,44,2,7,15,0.95,0.75,0.8,3,3,1,1,110792,NA,0,48,3,4.25,26,0.13,0,2,7,16,0.91,0.73,0.75,3,3
"44","432",1,0,0,0,0,0,1,0,0,0,20,55,5,4.5,17,0.15,0,75,2,7,16,0.94,0.74,0.79,4,3,1,1,110792,1,25,10,4,5.05,26,0.2,0,2,7,16,0.94,0.74,0.79,3,1
"45","433",1,0,0,0,0,0,1,0,0,0,10,30,4,4.25,13,0.15,0,75,2,7,16,0.95,0.73,0.8,3,3,2,1,123092,6,0,42,4,NA,NA,NA,0,2,7,16,0.94,0.74,0.74,3,3
"46","434",1,0,0,0,0,0,1,0,0,2,15,50,5,4.25,6,0.25,0,77,2,7,16,0.95,0.75,NA,3,3,1,1,111692,NA,19,29,4,4.25,NA,NA,0,2,7,16,0.95,0.8,0.8,3,3
"47","435",1,0,0,0,0,0,1,0,0,1,1,37.5,3,4.25,4,0.17,1,25,2,6.5,15.5,0.95,0.75,0.79,3,3,1,1,110792,NA,0,32,5,4.25,6,0.15,1,2,6.5,15.5,0.94,0.74,0.79,3,2
"48","438",2,0,0,0,0,0,1,0,0,2,0,9,3,4.25,52,0.07,0,11,2,11,8,1.01,0.84,2.43,2,1,1,1,111292,NA,2,9,3,4.25,52,0.05,0,2,11,9,0.95,0.84,2.43,2,1
"49","440",4,0,0,0,0,0,1,0,0,2,0,25,3,4.25,19,0.15,0,100,2,10.5,11.5,0.89,0.79,2.01,2,2,1,1,111392,NA,0,30,3,NA,NA,NA,0,2,10.5,11.5,1,0.8,1.8,2,2
"50","441",4,0,0,0,0,0,1,0,0,2,30,10,3,4.25,4,0.25,1,100,2,10.5,11.5,0.89,0.77,0.84,2,2,1,1,111392,NA,0,30,3,4.25,4,0.25,0,2,10.5,11.5,1,0.8,1.81,2,2
"51","443",4,0,0,0,0,0,1,0,0,0,4,19,4,4.25,4,0.25,0,95,2,10.5,11.5,0.89,0.79,1.8,2,2,1,1,111392,NA,5,20,4,4.35,17,0.18,0,2,10.5,11.5,1,0.8,1.81,2,2
"52","444",4,0,0,0,0,0,1,0,0,2,12,20,3,4.25,19,0.37,0,NA,2,10.5,12.5,0.89,0.8,0.84,2,2,1,1,111392,NA,10,35,4,4.5,4,0.3,0,2,10.5,11.5,0.89,NA,0.79,2,2
"53","446",1,0,0,0,0,0,0,1,0,2,NA,NA,3,4.5,4,0.25,0,50,2,6,18,1.03,0.84,0.94,NA,NA,1,1,110792,NA,7,24,4,5,4,0.25,1,2,6,18,0.97,0.84,0.91,4,3
"54","448",1,0,0,0,0,0,0,1,0,0,8,18,4,4.75,4,0.25,1,78,2,6,18,0.97,0.84,0.91,3,3,1,1,111892,1,8,27,3,4.5,13,0.25,0,2,6,18,0.96,0.83,0.87,3,3
"55","449",1,0,0,0,0,0,0,1,0,2,0,25,3,4.87,3.5,NA,0,3,2,6,18,NA,NA,NA,4,4,1,1,110792,NA,15,15,5,5,52,0.25,0,2,6,18,0.97,0.84,0.73,3,3
"56","450",1,0,0,0,0,0,0,1,0,0,2,21,3,4.75,13,0.15,0,50,2,6.5,16.5,0.97,0.82,0.84,3,3,1,1,111892,2,27.5,8,3,4.75,13,0.25,1,2,6,18,0.91,0.84,0.86,3,3
"57","454",2,1,0,0,0,0,0,1,0,0,1,9,3,4.5,4,0.15,0,NA,2,11,10,0.94,0.73,2.53,4,3,1,1,111292,NA,0,18,5,5,13,0.25,0,1,11,11,0.94,0.73,2.64,4,3
"58","459",3,1,0,0,0,0,0,1,0,0,5,20,3,4.25,13,0.37,0,NA,2,6,16,1.05,0.9,0.94,5,NA,2,1,122292,1,0,20,5,4.35,28,0.15,1,2,7,15,1.01,1.01,0.89,4,2
"59","466",4,0,0,0,0,0,0,1,0,2,8,17.5,4,4.75,17,0.3,1,65,3,10.5,11.5,0.94,0.8,0.94,2,2,1,1,111892,5,14,12,3,NA,52,NA,0,1,10.5,11.5,0.94,NA,NA,2,2
"60","471",1,0,0,0,0,0,0,1,0,2,25,20,4,4.25,26,NA,0,50,2,6,18,0.97,0.84,0.91,2,2,1,1,111692,NA,12,23,3,4.25,26,0.15,0,2,6,18,0.97,0.86,0.91,3,1
"61","472",1,0,0,0,0,0,0,1,0,2,37.5,2,3,4.25,52,NA,0,80,2,6.5,16.5,0.97,1.05,0.91,3,3,1,1,110792,NA,8,25,3,4.9,13,0.18,0,2,6,17,0.96,0.84,0.91,3,3
"62","473",1,0,0,0,0,0,0,1,0,0,5,27,4,4.75,26,0.5,1,50,2,6,17,0.97,0.86,0.89,3,2,1,1,111792,1,26,15,2,4.5,19,0.13,0,2,6,17,0.97,0.84,0.86,3,3
"63","475",1,0,0,0,0,0,0,1,0,1,25,8,3,4.5,NA,NA,0,60,1,7,15,1.02,0.89,0.9,3,3,1,1,110792,NA,10,16,3,4.5,26,0.15,0,1,7,15,1.02,0.94,0.9,3,3
"64","476",1,0,0,0,0,0,1,0,0,2,6,30,3,4.25,52,0.12,0,60,2,6,18,0.95,0.79,0.91,3,3,1,1,111792,1,5,30,3,4.75,52,0.2,0,2,6,18,0.96,0.84,1.18,3,3
"65","477",1,0,0,0,0,0,0,1,0,1,8,28,4,4.25,39,0.12,1,50,2,6.5,16.5,0.97,0.78,0.99,3,3,1,1,110792,NA,6,20,4,6.25,26,0.5,0,2,6,17,0.96,0.84,0.89,3,3
"66","478",1,0,0,0,0,0,1,0,0,0,32,25,4,4.5,13,0.22,0,30,2,6,19,0.97,0.86,0.91,3,3,2,1,122292,1,8,30,4,4.35,13,0.25,0,2,6,18,1.01,0.88,0.91,3,2
"67","485",2,1,0,0,0,0,0,1,0,2,1,9,3,4.5,26,0.37,0,80,2,11,10,0.95,0.74,2.33,4,3,1,1,111292,NA,4,12,3,4.5,19,NA,0,2,11,11,1.01,0.73,2.32,4,3
"68","491",3,0,0,0,0,0,0,1,0,0,4,25,2,4.5,13,0.37,0,100,2,8.5,13,1.05,0.91,0.95,3,2,2,3,123092,3,0,0,0,NA,NA,NA,NA,NA,NA,NA,NA,NA,NA,NA,NA
"69","492",3,1,0,0,0,0,0,1,0,0,2,16,3,4.5,13,0.25,0,75,2,9,12.5,1.11,1.05,0.94,2,1,1,1,111192,NA,4,15,2,4.5,19,0.1,0,2,9,12.5,1.11,1.11,1.05,2,1
"70","497",4,1,0,0,0,0,0,1,0,0,12,15,3,4.5,13,0.15,1,37,2,10,12,0.91,0.84,0.84,2,2,1,1,111392,NA,NA,NA,5,NA,NA,NA,0,2,10,12,1.01,0.9,0.79,2,2
"71","498",4,1,0,0,0,0,0,1,0,2,20,10,3,4.75,26,0.1,1,75,2,10,12,0.91,0.84,0.85,2,2,1,1,111792,2,21,5.5,3,5,26,NA,1,2,10,12,0.98,0.84,0.9,2,2
"72","501",1,0,0,0,0,0,0,1,0,0,14,15,3,4.25,4,0.37,1,63,2,6.5,16.5,0.84,0.84,0.94,3,3,1,1,111792,2,30,15,6,4.75,4,0.35,1,1,6,18,1.03,0.91,0.91,3,3
"73","503",1,0,0,0,0,0,0,1,0,2,7.5,14,4,4.75,NA,0.12,0,100,2,6.5,16.5,0.97,0.84,0.91,3,3,1,1,110792,NA,35,6.5,3,4.5,13,0.15,0,2,6,18,0.97,0.84,1,3,3
"74","510",3,1,0,0,0,0,0,1,0,0,7,25,4,4.25,26,0.25,0,60,2,6,16,1.05,0.91,1.05,3,3,1,1,111892,2,2.5,17.5,3,NA,13,NA,1,2,7,15,1.05,1.01,NA,5,3
"75","511",3,1,0,0,0,0,0,1,0,0,4,16,3,4.75,9,0.15,0,75,2,6,16.5,1.01,0.91,1.05,4,4,1,1,111192,NA,3,13,3,4.75,NA,NA,0,2,7,15,1.01,1.01,0.89,6,2
"76","514",3,0,0,0,0,0,0,1,0,0,5,20,3,4.5,26,0.25,0,25,2,6,16,0.94,0.9,0.94,5,3,1,1,111192,1,23,16,3,4.25,10,0.2,0,2,6,16,0.95,0.95,1.05,6,4
"77","516",3,1,0,0,0,0,0,1,0,2,6,22.5,3,4.75,13,0.12,0,23,3,6,16,1.05,0.91,1.05,4,3,1,1,111692,NA,2,12,2,4.91,14,0.18,1,2,8,14,1.01,0.95,0.89,5,3
"78","521",1,0,0,0,0,0,1,0,0,0,2.5,20,3,4.25,13,NA,1,50,2,6.5,16.5,NA,NA,0.52,4,4,1,1,110792,NA,0,12,8,4.4,13,0.13,1,2,7,16,0.41,0.84,0.89,4,2
"79","522",1,0,0,0,0,0,1,0,0,2,2,30,4,4.35,26,0.2,0,75,3,7,16,1,0.87,0.94,3,3,1,1,110792,NA,3,23,3,4.25,26,0.15,0,3,7,16,1,0.74,0.95,3,3
"80","113",1,0,1,0,1,0,0,0,0,0,0,22,4,NA,NA,NA,1,NA,2,7,16,1.06,0.95,1,4,NA,1,1,111092,NA,2,40,5,5.05,26,0.28,1,2,7,16,1.05,0.9,0.98,3,2
"81","123",1,0,1,0,1,0,0,0,0,0,0,20,5,NA,13,NA,0,28,2,7,14.5,1.06,0.95,1.01,2,1,1,1,111092,NA,5,25,4,5.05,26,0.15,0,3,7.5,14,1.05,0.94,1,3,2
"82","135",3,0,1,0,1,0,0,0,0,0,10,20,4,NA,26,NA,0,NA,0,9,12.5,NA,NA,NA,5,3,1,1,111692,NA,8,24,3,5.05,NA,0.25,0,2,10,11.5,1.16,1.06,1.05,5,3
"83","138",3,1,1,0,0,1,0,0,0,0,4.5,25.5,2,NA,NA,NA,1,NA,2,10,11.5,1.12,1.07,1.06,6,NA,1,1,111692,NA,2,33,3,5.05,26,0.2,0,2,10,11.5,1.21,1.01,0.94,6,4
"84","153",1,0,1,0,0,1,0,0,0,0,0,25,9,NA,52,0.15,0,33,1,7,17,1,0.95,0.89,4,3,1,1,111092,NA,26.5,10,3,5.05,26,0.15,0,2,7,17,1.05,0.95,0.95,3,2
"85","181",2,0,1,0,0,1,0,0,0,0,0,13,3,NA,NA,NA,0,100,1,10.5,11,0.91,0.79,2.34,3,2,1,1,111192,NA,1,15,2,5.05,NA,0.25,0,1,10.5,11,0.95,0.9,2.49,3,2
"86","191",4,0,1,0,0,1,0,0,0,0,30,20,4,NA,NA,NA,0,NA,2,10.5,12,1.06,0.95,1.06,NA,1,1,1,111792,1,0,25,4,5.05,6,0.25,1,2,10.5,12,1.02,0.94,1.05,2,2
"87","231",1,0,1,0,0,1,0,0,0,1,NA,10,3,NA,26,NA,0,NA,2,7,16,1.02,1.02,0.95,2,2,1,1,111092,NA,16,6,4,5.05,4,0.25,0,1,7,16,0.9,0.95,0.95,3,1
"88","236",1,0,1,0,0,1,0,0,0,3,0,34,4,NA,17,NA,0,95,1,7,17,1.18,1.02,1.06,4,3,1,1,111792,2,23,22,4,5.05,8,0.28,1,1,7,18,1.1,1.01,0.99,4,3
"89","254",4,0,1,1,0,0,0,0,1,0,20,10,3,NA,16,NA,0,NA,1,7,16,1.06,0.86,1.06,2,2,1,1,111492,1,28,10,3,5.25,8,0.2,1,1,7,15,1,0.85,1.05,2,2
"90","255",4,0,1,1,0,0,0,0,0,2,0,14,3,NA,52,0.27,1,10,1,7,14,1.01,0.79,0.85,2,2,1,1,111392,NA,8,12,2,NA,52,0.14,0,1,7,14,1,0.85,2.11,2,2
"91","294",1,0,1,0,0,1,0,0,0,3,0,35,3,NA,26,0.2,0,70,2,7,16,1.06,0.95,0.95,3,3,1,1,110992,NA,0,35,3,5.05,26,0.2,0,2,7,16,1.05,0.94,0.94,3,2
"92","306",3,1,1,0,0,1,0,0,0,0,15,15,3,NA,17,NA,0,NA,2,6,17,1.02,NA,1.06,4,4,1,1,111792,1,6,20,3,5.05,26,0.23,0,2,6,18,1.11,1.05,1.05,NA,2
"93","311",4,0,1,0,0,1,0,0,0,2,0,30,4,NA,26,0.32,1,78,2,10.5,11.5,0.91,0.91,1.06,2,2,1,1,111392,NA,35,30,3,5.05,NA,0.2,0,2,10.5,11.5,1.01,0.95,1.05,2,2
"94","315",1,0,1,1,0,0,0,0,0,0,5,19,2,NA,4,0.25,1,65,3,7,16,1,0.85,0.88,3,2,1,1,110992,NA,4.5,20,2,5.05,8,0.08,0,2,7,16,1.05,0.84,0.87,3,2
"95","335",1,1,1,1,0,0,0,0,0,0,9,10,3,NA,13,0.17,0,100,1,6,17,1.06,0.92,0.92,5,2,1,1,111892,3,7,13,3,5.05,26,0.13,0,1,6,17,1.05,0.94,0.94,5,2
"96","372",1,1,1,0,0,1,0,0,0,2,0,45,5,NA,26,0.15,1,30,3,6.5,19,1.1,0.95,1.1,4,NA,1,1,111792,1,30,20,5,5.05,8,0.08,0,2,6.5,18.5,1.06,1.05,1.04,4,3
"97","6",3,1,1,0,1,0,0,0,0,2,2,2,2,5,13,0.25,0,100,1,11,7,1.2,1.17,2.35,4,2,1,1,111792,1,5,2,2,5.05,13,0.15,0,1,10,8,1.11,1.01,2.23,4,2
"98","14",2,0,1,0,1,0,0,0,0,0,10,8,2,5.12,6,0.25,0,0,3,11,11,1.06,0.85,2.49,6,5,1,1,110592,NA,4,17,3,5.05,13,0.25,1,2,11,11,1.05,0.94,2.6,6,3
"99","26",1,0,1,0,0,1,0,0,0,3,30,15,4,5.56,6,NA,1,NA,2,7,16,1.06,0.91,0.98,4,2,1,1,111792,2,10,20,4,5.05,NA,NA,0,2,7,16,1.01,0.94,0.94,5,4
"100","27",2,1,1,0,1,0,0,0,0,2,4,10,4,5,NA,0.37,0,0,1,11,10,1.06,0.85,2.34,4,3,1,1,111292,NA,0,7,4,5.05,26,0.25,0,1,11,10,1.05,0.84,2.53,4,3
"101","30",2,0,1,0,0,1,0,0,0,4,6,4,2,5,13,0.37,0,0,1,11,10,1.06,1.06,2.53,2,2,1,1,111292,NA,4,3,2,5.05,19,0.25,1,1,11,10,0.94,0.92,2.69,2,2
"102","31",2,0,1,0,1,0,0,0,0,2,4,16,3,5.25,13,0.15,0,0,2,11,11,1.03,1.06,2.56,4,3,1,1,111492,3,6,15,5,5.05,26,0.25,0,1,10.5,12.5,1,1.05,2.64,4,4
"103","33",3,0,1,0,0,1,0,0,0,0,12,20,4,5,26,0.25,0,7,2,6,17,1.02,1.07,0.95,5,4,1,1,111392,NA,6,11,5,5.05,NA,0.2,0,2,6,17,1.11,1.06,1.05,4,2
"104","36",4,0,1,0,1,0,0,0,0,0,8,12,4,5.5,30,0.17,1,0,2,10.5,13,1.02,0.91,2.57,2,2,1,1,111492,NA,10,35,6,5.05,26,0.15,1,2,10.5,12.5,0.95,0.89,1.19,2,2
"105","77",3,0,1,0,0,1,0,0,0,0,6,50,4,5,4,0.15,0,100,2,6,19,1.18,1.07,1.17,6,5,1,1,111992,4,4,60,3,5.05,52,0.15,0,2,6,19,1.06,1.06,1.05,6,2
"106","78",3,1,1,0,0,1,0,0,0,0,13,10,3,5,26,0.15,0,0,2,6,17,1.12,1.02,1.02,4,2,1,1,111392,NA,10,12,2,5.05,26,0.1,0,2,7,16,1.11,1.01,1.05,5,3
"107","81",4,0,1,0,0,1,0,0,0,4,25,13,3,5,26,0.1,0,95,2,10,12,1.06,0.98,1.06,2,2,2,1,121592,3,0,45,4,5.05,NA,NA,1,2,10.5,11.5,1.11,0.98,2.07,2,1
"108","82",4,0,1,0,0,1,0,0,0,6,8,14.5,3,5,13,0.37,1,0,2,10.5,13.5,1.06,1.03,1.06,2,2,1,1,111492,NA,25,8,4,5.05,13,0.18,1,2,10.5,13.5,1.11,0.98,1.05,2,2
"109","83",4,0,1,0,0,1,0,0,0,2,12.5,20,2,5,13,0.25,0,11,2,10.5,13.5,1.06,0.98,2.13,2,2,1,1,111792,2,NA,NA,4,5.05,26,0.5,0,2,10,14,1.11,0.89,0.99,2,2
"110","85",1,0,1,0,1,0,0,0,1,3,7,20,3,5.5,26,0.52,0,1,1,9,12.5,1.12,1.02,1.02,5,4,1,1,111692,NA,0,35,3,5.05,26,0.18,0,1,9,12.5,1.11,1.01,1.05,5,1
"111","89",1,1,1,0,1,0,0,0,0,2,10,6,3,5,13,0.17,0,0,2,7,16,1.09,0.95,1.04,3,2,1,1,111092,NA,6,25,6,5.5,4,0.63,0,2,7,16,1.11,1.01,1.05,3,3
"112","94",2,0,1,0,1,0,0,0,0,2,0,25,5,5,26,0.25,0,0,3,11,10,1.06,0.8,2.56,NA,NA,1,1,111292,NA,2,20,4,5.05,52,0.25,0,1,11,10,1.05,0.79,2.53,3,NA
"113","103",4,0,1,0,0,1,0,0,0,2,12.5,10,3,5,26,0.27,0,50,2,10.5,11.5,0.91,0.85,0.95,2,2,1,1,111492,2,NA,NA,2,5.05,13,NA,0,2,10.5,12.5,1.05,0.84,1.26,2,2
"114","112",4,0,1,0,0,1,0,0,0,0,4,26,3,5,13,0.2,0,80,2,10,14,1.06,0.98,1.06,2,2,2,1,121392,9,5,25,6,5.05,28,0.18,0,2,10.5,12.5,1.11,1.09,2.07,NA,NA
"115","128",2,1,1,0,1,0,0,0,0,3,6.5,7.5,2,5,NA,0.15,0,NA,2,11,11,1.06,0.85,2.34,4,2,1,1,111492,1,3,16,2,5.05,26,0.25,0,1,11,11,1.05,0.79,2.32,3,2
"116","129",3,0,1,0,1,0,0,0,0,3,20,20,3,5.25,26,0.05,0,0,2,6,16,1.1,1,0.74,6,4,1,1,111392,NA,7,18,4,5.05,52,0.25,0,2,6,16,1.11,1,0.89,4,3
"117","131",3,0,1,0,1,0,0,0,0,2,15,25,4,5.5,4,0.37,1,10,2,6,17,1.06,1.06,1.06,5,2,2,1,121692,2,8,22,3,5.05,NA,NA,0,2,7,15,1.05,1.11,1.05,5,4
"118","139",4,0,1,0,1,0,0,0,0,0,NA,NA,2,5.5,NA,NA,0,NA,2,10.5,12.5,0.95,0.95,1.06,2,1,1,1,111492,NA,11,25,5,5.5,19,0.25,1,2,11,12,NA,NA,NA,NA,NA
"119","143",4,0,1,0,1,0,0,0,0,3,0,30,3,5.37,26,0.25,1,15,2,10.5,11.5,0.95,0.95,1.06,2,2,2,4,121692,2,NA,NA,NA,NA,NA,NA,NA,NA,NA,NA,NA,NA,NA,NA,NA
"120","144",4,0,1,0,1,0,0,0,0,2,10,30,3,5.05,26,0.15,1,0,2,10.5,12.5,0.91,0.85,1.06,2,2,1,1,111792,1,4,37,3,5.05,26,0.35,1,2,10.5,12.5,0.94,0.94,1.26,2,2
"121","145",1,0,1,0,0,1,0,0,0,0,5,17,3,5,13,0.15,1,0,2,7,16,1.06,0.95,0.95,3,2,1,1,111092,NA,10,8,4,5.28,26,0.13,1,2,7,16,1.05,0.96,0.95,3,2
"122","147",1,0,1,0,0,1,0,0,0,0,8.5,6.5,3,5.12,8,0.25,0,100,2,7,14,1.12,0.89,0.95,2,2,1,1,111892,1,6,0,3,5.25,13,0.38,0,2,7,14,1.13,0.91,0.91,2,2
"123","148",1,0,1,0,0,1,0,0,0,4,4.5,30,4,5.25,26,0.17,1,0,2,7,17,1.06,0.95,0.95,3,2,1,1,111092,NA,7.5,30,4,5.05,26,0.2,1,2,7,17,1.05,0.94,0.94,3,3
"124","151",1,0,1,0,0,1,0,0,0,0,1,12,3,5,12,0.1,0,92,2,7,15,1.09,0.81,1.04,3,3,2,3,123092,2,0,0,0,NA,NA,NA,NA,NA,NA,NA,NA,NA,NA,NA,NA
"125","152",1,0,1,0,0,1,0,0,0,0,35,15,4,5.12,9,0.67,1,10,1,7,15,1.17,0.95,1.02,3,2,1,1,111092,NA,12,13.5,5,5.05,13,0.28,0,2,7,15,1.16,0.94,0.94,3,3
"126","157",2,0,1,0,0,1,0,0,0,0,10,5,3,5,26,0.25,0,0,1,10.5,12,0.91,0.85,2.34,3,3,1,1,111792,2,12,8,2,5.5,26,0.25,0,1,10.5,11,0.95,0.83,2.47,2,2
"127","161",3,1,1,0,0,1,0,0,0,0,8,25,4,5,19,0.15,0,2,2,6,17,1.12,1.02,1.06,7,3,1,1,111992,4,26,12,4,5.05,NA,NA,0,2,6,17,1.11,1.06,1.05,7,5
"128","163",3,1,1,0,0,1,0,0,0,0,12,18,3,5,13,0.15,0,11,2,6,16.5,1.2,1.07,1.06,3,3,1,1,111292,NA,1.5,33,3,5.05,26,0.15,0,2,7,15,NA,NA,NA,NA,NA
"129","164",3,1,1,0,0,1,0,0,0,0,4,30,4,5,26,0.1,0,3,2,5,19,1.12,1.02,1.06,5,3,1,1,111292,NA,5,15,3,5.05,52,0.15,0,2,6,17,1.11,1.06,1.05,5,3
"130","165",4,0,1,0,0,1,0,0,0,1,20,10,3,5,15,0.27,1,60,2,10.5,12.5,1.06,0.89,1.06,3,2,1,1,111792,1,10,17,4,5.05,14,0.13,0,2,10.5,12.5,1.05,0.98,1.05,2,2
"131","169",1,1,1,0,0,1,0,0,0,0,12,33,4,5,13,0.25,0,50,2,7,16,1.1,0.94,1.04,3,3,1,1,111692,NA,20,6,4,5.05,52,0.15,0,2,7,16,1.11,1.05,1.05,3,3
"132","170",1,1,1,0,0,1,0,0,0,1,10,20,3,5,52,0.52,0,0,2,7,16,1.1,1.02,1.08,3,2,1,1,111092,NA,20,20,4,5.05,4,NA,0,1,7,16,1.29,1.11,1.18,4,4
"133","187",3,0,1,0,0,1,0,0,1,0,4,20,3,5.62,26,0.52,0,2,2,7,15,1.12,1.09,1.06,4,3,1,1,111292,NA,5,17.5,3,5.05,13,0.2,0,2,7,15,1.11,1.06,1.05,4,4
"134","190",3,1,1,0,0,1,0,0,0,0,5,42,4,5,26,0.12,1,NA,2,6,16,1.02,1.07,1.06,5,NA,1,1,111292,NA,7,30,4,5.05,26,0.18,0,2,7,15,1.05,1.01,1.74,5,3
"135","196",4,1,1,0,0,1,0,0,0,0,8,19,4,5,26,0.2,0,NA,2,10.5,11.5,0.95,0.85,1.06,2,2,1,1,111392,NA,0,30,3,5.05,26,0.18,0,2,10.5,12.5,1,0.9,2.11,2,2
"136","197",1,0,1,0,0,1,0,0,0,0,23,10,4,5,26,0.25,0,50,2,7,17,0.99,0.89,0.89,3,2,1,1,111792,1,5,21,5,5.05,26,0.13,0,3,7,17,1.05,0.95,0.95,3,1
"137","234",1,0,1,0,0,1,0,0,0,2,0,10,3,5,26,NA,0,0,2,7,16,1.12,NA,0.49,2,2,1,1,111892,2,10,4,3,5.05,26,NA,0,2,7,16,1.04,1.01,0.58,3,2
"138","240",3,1,1,0,0,1,0,0,0,0,15,35,3,5.1,26,0.25,0,20,2,6,17,1.18,1.02,1.06,6,4,1,1,111692,1,15,15,3,5.05,26,0.15,0,2,6,17,1.1,1,1.05,6,4
"139","241",3,0,1,0,0,1,0,0,0,2,15,25,4,5,13,0.37,1,30,2,7,16,1.12,1.02,1.06,5,5,1,1,111192,1,15,NA,4,5.05,26,0.1,0,2,7,16,1.15,1.05,1.05,5,5
"140","242",3,1,1,0,0,1,0,0,0,0,25,10,3,5.25,13,0.25,1,0,2,6,17,1.1,1.02,1.06,5,4,1,1,111192,NA,12,10,3,5.05,8,0.2,1,2,7,16,1.11,1.06,1.05,6,4
"141","245",3,0,1,0,0,1,0,0,0,3,15,8,3,5.5,NA,NA,0,0,1,8.5,13.5,1.2,1.02,1.02,4,2,1,1,111792,3,8,12,4,5.05,26,NA,0,1,8.5,13,1.11,1.11,1.05,5,1
"142","259",1,0,1,1,0,0,0,0,0,0,13,12,4,5,4,0.25,0,50,2,7.5,14.5,1.02,0.85,0.85,3,3,1,1,110992,NA,15,15,4,5.05,NA,NA,0,2,7.5,14.5,1.05,NA,0.84,3,3
"143","268",1,1,1,1,0,0,0,0,0,1,10,18,4,5,26,0.17,1,0,2,7,15,1.02,0.85,0.85,5,4,1,1,110992,NA,0,42.5,2,5.05,26,0.25,1,2,7,15,0.94,0.78,0.84,4,4
"144","271",2,1,1,1,0,0,0,0,0,3,0,13,2,5,13,0.1,0,38,2,11,11,1.02,0.79,2.34,4,2,1,1,111792,1,0,15,3,5.05,8,0.1,0,2,11,12,0.9,0.73,2.28,4,3
"145","272",2,1,1,1,0,0,0,0,0,4,4,11,3,5.05,4,0.2,0,0,1,11,11,0.95,0.74,2.34,4,2,1,1,111492,1,2,14,3,5.25,26,0.2,0,2,11,12,0.94,0.73,2.32,4,3
"146","274",2,1,1,1,0,0,0,0,0,0,0,15,2,5.5,26,0.12,0,27,2,11,10,0.91,0.74,2.34,4,3,1,1,111392,NA,3,7,3,5.05,26,0.2,0,1,11,11,NA,NA,2.32,NA,NA
"147","276",2,1,1,1,0,0,0,0,0,3,5,10,3,5,26,0.25,0,0,2,11,10.5,0.95,0.74,2.19,4,3,1,1,111392,NA,5,15,3,5.05,26,0.28,0,3,11,12,0.95,0.73,2.32,5,3
"148","296",1,1,1,0,0,1,0,0,0,0,5,16,4,5.3,26,0.25,0,50,2,7,16,1.06,0.95,1.01,3,3,1,1,111892,3,4,9,6,5.05,13,NA,0,2,7,16,1.05,0.94,1,3,2
"149","299",2,1,1,0,0,1,0,0,0,0,3,8,2,5,26,NA,0,0,1,10.5,11.5,1.06,0.85,2.34,3,2,1,1,111792,1,6,12,2,5.05,13,0.25,0,1,11,11.5,1.05,0.84,2.32,3,2
"150","301",2,1,1,0,0,1,0,0,0,4,8,12,5,5,11,0.36,1,0,3,11,10.5,1.06,0.85,2.34,3,1,1,1,111492,1,2,7,1,5.05,4,0.5,0,2,11,10.5,0.94,0.84,2.32,3,2
"151","320",2,0,1,1,0,0,0,0,1,0,5,9,2,5,13,0.12,1,0,2,11,12,1.12,0.8,2.45,4,4,1,1,111392,NA,4,6,3,5.05,NA,NA,0,1,11,11,1.05,0.84,2.43,4,3
"152","321",2,0,1,1,0,0,0,0,1,0,3,14,3,5,NA,0.25,0,10,2,10.5,12.5,1.12,0.85,2.45,4,2,1,1,111492,2,4,11,2,5.05,13,0.15,0,1,11,12,1.05,0.84,2.43,4,3
"153","324",3,0,1,1,0,0,0,0,0,2,20,46,5,5.25,26,0.2,0,0,2,0,24,1.18,1.06,NA,5,2,2,1,121892,4,22,39,5,5.05,52,0.25,1,2,0,24,1.22,1.05,1.05,5,2
"154","326",3,1,1,1,0,0,0,0,1,3,18,45,5,5.15,11,0.15,0,7,2,0,24,1.26,0.99,NA,4,3,1,1,111892,1,0,45,4,5.05,NA,NA,0,2,0,24,1.22,NA,1.05,4,2
"155","330",4,0,1,1,0,0,0,0,1,0,4,16,3,5.42,13,0.12,1,0,1,10.5,15.5,1.01,0.86,0.95,2,2,1,1,111392,NA,3,20,3,5.67,52,0.25,0,1,10.5,14.5,0.94,0.79,1.26,2,2
"156","334",1,0,1,1,0,0,0,0,0,0,10,10,3,5,4,0.17,0,0,3,9,12.5,0.91,0.91,0.91,3,3,1,1,110992,NA,0,20,3,5.05,26,0.18,NA,3,9,12.5,0.9,0.9,0.85,3,2
"157","349",3,1,1,1,0,0,0,0,0,1,2.5,27,5,5,6,0.15,0,10,2,6,16,1.12,0.91,0.95,3,3,1,1,111192,NA,0,20,4,5.05,4,0.18,0,2,7,15,1.01,1.01,0.94,3,3
"158","354",4,0,1,1,0,0,0,0,0,3,14,7,3,5.06,4,0.25,1,10,1,10.5,10.5,0.95,0.86,0.95,2,2,1,1,111392,NA,9,7,3,5.05,13,0.23,0,1,10.5,10.5,1,0.85,0.94,2,2
"159","356",4,0,1,1,0,0,0,0,0,3,11.5,10,4,5.05,13,NA,1,0,1,10.5,11.5,0.95,0.8,1.06,2,2,1,1,111492,NA,0,28,4,5.05,17,0.15,1,1,10.5,11.5,1,0.85,1.05,2,2
"160","357",4,0,1,0,0,1,0,0,0,1,4.5,20,3,5,16,0.2,0,100,1,10.5,11.5,0.95,0.86,0.95,2,2,1,1,111392,NA,21,6,3,5.25,13,0.25,0,1,10.5,12.5,1,0.84,2.35,2,2
"161","371",1,0,1,0,0,1,0,0,0,0,12,23,4,5,13,0.15,0,100,2,7,16,1.06,1.02,0.95,3,3,1,1,110792,NA,11,22,5,5.25,26,NA,0,3,7,16,NA,NA,NA,4,2
"162","373",1,1,1,0,0,1,0,0,0,0,14,12,4,5,4,0.25,0,100,2,6.5,15.5,1.01,0.95,1.03,6,3,1,1,110792,NA,18,15,4,5.05,13,0.25,1,2,6.5,15.5,1.1,0.94,1.02,6,5
"163","375",1,0,1,0,0,1,0,0,0,3,25,10,4,5.25,26,0.25,1,0,1,7,15,1.02,0.8,NA,4,2,1,1,111692,1,0,25,4,5.5,26,0.1,1,1,7,15,1.05,0.94,1.01,3,3
"164","378",1,1,1,0,0,1,0,0,0,4,10,8,4,5,52,0.1,0,NA,2,6.5,18.5,1.1,0.96,1.1,5,5,1,1,110792,NA,20,15,4,5.05,52,0.25,1,2,6,19,1.05,0.99,1.03,6,4
"165","381",1,0,1,0,0,1,0,0,0,0,10,20,4,5,13,0.5,1,0,2,6.5,16.5,1.27,1.17,1.1,4,2,1,1,111692,NA,15,15,5,5.05,8,0.47,1,2,6.5,16.5,1.37,1.16,1.16,4,2
"166","403",3,1,1,0,0,1,0,0,0,2,13,31,NA,5.05,26,0.15,0,10,2,6,18,1.09,1.12,1.06,5,4,1,1,111892,3,11,23,3,5.05,13,NA,1,2,7,16,1.11,1.06,1.05,4,4
"167","406",4,1,1,0,0,1,0,0,0,0,12,35,4,5,NA,0.32,0,0,1,10.5,11.5,1.02,NA,2.14,2,2,1,1,111392,NA,17,22,4,5.5,13,NA,NA,1,10.5,12.5,0.84,0.94,1.99,2,2
"168","407",4,1,1,0,0,1,0,0,0,2,5,10,2,5.75,26,0.15,1,0,2,11,10.5,1.17,1.17,1.38,1,1,1,1,111392,NA,8,7,3,5.5,26,0.15,0,2,11,10.5,1.05,1.16,2.32,1,1
"169","409",1,0,1,0,0,1,0,0,0,0,3,60,2,5,39,NA,0,0,1,7,15,1.19,0.87,0.95,3,3,1,1,111792,2,0,15,3,5.05,NA,NA,0,1,7,15,1.09,1.04,1.01,3,3
"170","1",1,0,1,0,1,0,0,0,0,0,16,30,4,4.5,NA,0.25,0,80,3,7,16,0.93,0.83,0.85,4,3,1,1,110592,NA,20,40,4,5.05,NA,NA,0,2,7,16,1.05,0.79,0.9,4,3
"171","2",1,0,1,0,1,0,0,0,0,0,10,6,3,4.75,26,0.5,1,80,1,7,14,1.06,0.91,0.96,2,2,1,1,110592,NA,7.5,10,3,5.25,19,0.38,1,1,7,15,1.05,1.01,0.94,2,2
"172","3",2,0,1,0,1,0,0,0,0,3,6,13,3,4.25,13,0.25,1,50,2,11,10,1.06,0.95,3.09,5,3,1,1,111792,2,4,7,3,5.05,26,0.25,0,1,11,11,1.05,0.94,2.75,5,3
"173","4",3,0,1,0,1,0,0,0,0,0,10,12,3,4.75,4,0.25,0,50,2,9,12.5,1.06,1,2.13,8,4,1,1,110592,NA,5,30,4,5.05,26,0.28,0,2,8,13.5,1.22,1.37,0.89,6,4
"174","5",3,0,1,0,1,0,0,0,0,0,5,30,4,4.5,13,0.17,0,NA,1,6,17,0.95,NA,2.13,5,4,1,1,111892,2,10,30,4,5.15,4,0.18,0,2,6,17,1.05,0.94,0.94,5,5
"175","8",4,0,1,0,1,0,0,0,0,0,NA,25,4,4.8,NA,0.15,0,NA,1,10.5,12,1.02,0.91,2.28,2,1,1,1,110592,NA,15,25,3,5.05,26,0.33,0,2,10,13,1.01,1.01,0.94,2,2
"176","9",1,0,1,0,1,0,0,0,0,2,12,40,4,4.37,26,0.15,0,35,2,7,16,1.04,0.67,0.85,4,4,1,1,110592,NA,0,32,4,5.05,26,0.13,0,2,7,16,1.11,0.92,1.01,4,3
"177","10",1,0,1,0,1,0,0,0,0,0,15,20,4,4.25,39,0.17,0,80,2,7,16,1.04,0.85,0.85,3,3,1,1,110592,NA,15,15,4,5.05,4,0.28,0,2,7,16,0.94,0.87,0.94,3,2
"178","11",1,0,1,0,1,0,0,0,0,2,10,30,4,4.25,26,0.1,0,80,2,7,16,1.09,0.89,0.91,3,3,1,1,111792,1,12,24,3,5.05,NA,NA,0,2,7,16,1.05,0.87,0.94,3,2
"179","12",1,0,1,0,1,0,0,0,0,0,6.5,23.5,3,4.37,9,0.1,0,100,2,7,16,1.05,0.79,0.91,3,3,1,1,111892,3,15,15,4,5.05,26,0.25,0,3,7,16,1.01,0.92,0.94,3,2
"180","13",2,0,1,0,1,0,0,0,0,0,0,25,3,4.5,7,0.25,0,100,2,11,10,1.06,0.95,2.66,5,4,1,1,111792,1,2,11,3,5,13,0.25,0,1,11,11,1.01,0.94,2.75,4,3
"181","15",3,0,1,0,1,0,0,0,0,3,3,25,4,4.6,9,0.15,1,95,2,6,17,1.02,0.98,0.95,5,4,2,1,121092,5,5,20,3,5.05,NA,0.25,0,2,6,17,1.05,1.01,2,3,3
"182","16",3,0,1,0,1,0,0,0,0,0,6,22,4,4.5,13,0.25,0,50,2,6,17,1,1,NA,5,5,1,1,110592,NA,7,17,3,5.05,19,0.25,0,2,6,17,1.05,1.01,0.94,5,5
"183","17",3,0,1,0,1,0,0,0,0,0,0,20,4,4.37,13,0.25,0,60,2,6,17,1.06,1,2.02,6,5,1,1,111692,1,4,35,4,5.05,13,0.2,0,2,6,17,1.05,0.94,0.95,6,5
"184","18",3,0,1,0,1,0,0,0,0,2,15,25,3,4.25,13,NA,0,50,2,6,17,NA,NA,NA,4,4,1,1,110592,NA,8,38,5,5.05,NA,0.25,1,2,6,17,1.05,1,0.63,7,7
"185","19",1,0,1,1,0,0,0,0,0,3,4,31,4,4.25,4,0.25,0,50,2,6,16,1.05,0.91,0.93,3,3,1,1,110592,NA,6,44,5,5.05,52,0.3,0,2,6,16,1.04,0.93,0.95,2,2
"186","21",2,0,1,1,0,0,0,0,0,0,5,12,3,4.45,6,0.1,0,90,2,10.5,10.5,1.06,0.8,2.13,3,3,1,1,111492,1,0,11,2,5.05,NA,NA,0,2,11,10,0.94,0.94,2.43,3,3
"187","22",3,0,1,1,0,0,0,0,0,2,3,15,4,4.35,26,0.12,0,90,2,7,16,1.06,0.84,0.95,4,1,1,1,110592,NA,3,15,2,5.05,19,0.13,0,2,7,15,1.05,1.05,0.94,4,4
"188","23",1,0,1,0,0,1,0,0,0,2,0,25,3,4.5,26,0.12,0,75,2,7,16,1.06,0.95,0.95,3,2,1,1,111792,1,14,14,3,5.05,NA,NA,0,1,6.5,16.5,1.05,0.94,0.94,3,2
"189","24",1,0,1,0,1,0,0,0,0,2,15,15,4,4.75,13,0.25,1,40,2,7,16,1.06,0.95,1.01,4,3,2,1,122192,3,15,20,4,5.05,52,0.15,0,2,NA,NA,1.05,0.94,1,4,3
"190","28",2,0,1,0,0,1,0,0,0,6,0,14,1,4.5,NA,0.25,0,10,2,11,10,1.06,1.17,2.56,2,1,1,1,111892,3,6,2,3,NA,NA,NA,0,1,11,10,NA,1.05,2.64,3,2
"191","29",2,0,1,0,0,1,0,0,0,3,0,7,2,4.5,4,0.25,0,NA,2,11,11,1.06,1.01,2.56,3,2,1,1,111292,NA,0,13,3,5.05,26,0.25,0,1,11,11,1.05,1.05,2.64,3,3
"192","32",3,0,1,0,0,1,0,0,0,0,10,20.5,3,4.5,26,0.25,0,40,2,10.5,11.5,1.12,1.02,1.06,4,3,1,1,111792,1,2,25,3,5.05,26,0.23,0,2,10.5,11.5,1.22,1.11,2.28,4,4
"193","34",3,1,1,0,0,1,0,0,0,0,5,15,3,4.95,26,NA,0,75,2,10.5,11.5,1.12,1.02,1.06,5,3,1,1,111392,NA,11,7,3,5.05,26,0.5,0,2,10.5,11.5,1.22,1.11,0.73,5,2
"194","35",4,0,1,0,0,1,0,0,0,2,25,6.5,4,4.5,9,0.25,1,NA,2,10.5,11.5,0.96,0.95,2.13,2,2,1,1,111992,6,13,18,3,5.05,13,0.25,0,2,10.5,11.5,1.03,NA,NA,2,2
"195","38",1,0,1,0,1,0,0,0,0,0,15,20,5,4.25,17,0.15,0,100,2,6,17,1.05,0.95,0.98,3,2,1,1,111092,NA,10,20,6,5.05,NA,0.25,0,3,6.5,17.5,0.98,0.82,0.76,3,2
"196","63",1,1,1,0,0,1,0,0,0,1,26,6,NA,4.25,26,NA,0,75,2,6,18,1.1,0.97,1.17,4,3,1,1,111792,1,15,10,4,5.05,26,0.1,0,2,7,18,1.11,1.01,1.09,4,3
"197","64",1,0,1,0,0,1,0,0,0,1,20,15,3,4.5,26,0.2,0,60,3,7,16,1.06,0.95,0.95,3,2,1,1,111092,NA,13,13,3,5.05,26,0.25,0,2,7,16,1.05,0.95,0.95,3,3
"198","65",1,0,1,0,0,1,0,0,0,5,0,20,4,4.8,52,0.25,0,90,2,6.5,15.5,1.06,0.85,1.11,3,3,2,2,121592,3,NA,NA,3,5.05,NA,NA,NA,NA,NA,NA,NA,NA,NA,NA,NA
"199","66",1,0,1,0,0,1,0,0,0,0,15,18,3,4.25,26,0.15,0,20,2,7,17,1.06,0.95,0.95,3,2,1,1,111092,NA,26,10,4,5.05,26,0.25,1,1,7,17,1.05,0.95,0.95,3,3
"200","67",1,0,1,0,0,1,0,0,0,0,5,15,6,4.5,13,0.25,0,55,1,8,13.5,1.17,1.06,1.17,3,2,1,1,111092,NA,4,17.5,5,5.05,NA,NA,0,1,8,13.5,1.32,1.05,1.22,3,3
"201","68",1,0,1,0,0,1,0,0,0,1,30,10,3,4.25,14,0.05,0,NA,3,7,17,1.07,1.02,1.02,3,3,1,1,111092,NA,13,17,3,5.05,13,0.28,0,3,7,17,1.05,0.95,0.95,3,1
"202","69",1,0,1,0,0,1,0,0,0,0,0,27,3,4.25,13,0.22,0,100,2,7,18,1.17,0.95,0.95,4,2,1,1,111792,NA,0,27,3,5.05,13,0.2,0,2,7,18,1.26,1.01,1,4,2
"203","70",1,0,1,0,0,1,0,0,0,0,35,20,5,4.5,13,0.27,0,50,1,7,16,1.06,0.95,1.02,3,3,1,1,111092,NA,10,30,5,5.05,4,0.23,NA,1,7,16,1.05,0.95,1.01,3,3
"204","71",1,0,1,0,0,1,0,0,0,1,0,35,3,4.75,13,0.25,0,100,3,7,17,1.06,0.95,0.95,3,2,1,1,111692,NA,29,14,3,5.05,26,0.18,1,3,7,17,1.05,0.95,0.95,3,2
"205","73",2,0,1,0,0,1,0,0,0,1,0,7,3,4.25,NA,0.75,0,40,3,11,12,1.06,1.06,2.45,3,2,1,1,111792,2,14,0,3,5.05,4,0.05,0,2,11,11,1.05,1.05,2.43,3,NA
"206","75",2,0,1,0,0,1,0,0,0,0,3,15,3,4.25,4,0.25,0,0,2,11,11,1.17,1.27,2.77,3,3,1,1,111292,NA,4,11,3,5.05,6,0.25,1,2,11,11,1.16,1.16,2.75,3,3
"207","76",3,1,1,0,0,1,0,0,0,0,8,32,4,4.25,26,0.2,0,50,2,6,17,1.12,1.02,1.02,6,3,1,1,111392,NA,25,15,6,5.05,13,0.15,1,2,6.5,16.5,1.11,1.06,1.05,6,3
"208","79",3,1,1,0,0,1,0,0,0,4,6,25,3,4.5,26,0.15,0,30,2,6,17,1.17,1.02,1.06,5,4,1,1,111392,NA,8,18,3,5.05,41,0.13,0,2,7,16,1.11,1.06,1.05,5,4
"209","80",4,0,1,0,0,1,0,0,0,1,4.5,20,NA,4.25,26,0.25,0,90,2,10.5,11.5,1.06,0.98,1.06,2,2,1,1,111492,2,11,14,3,5.05,13,0.1,0,2,10.5,12.5,1.12,0.98,0.99,2,1
"210","84",1,0,1,0,1,0,0,0,0,3,4,30,5,4.5,26,0.15,0,50,2,7,16,1.04,0.85,0.91,4,2,1,1,111692,NA,12,30,5,5.05,52,0.2,0,2,7,16,1.05,0.9,0.94,3,3
"211","86",1,0,1,0,1,0,0,0,0,1,11,11,4,4.25,13,0.25,0,NA,3,7,15,1.06,0.94,1.1,3,3,1,1,111092,NA,9,12,4,5.05,4,0.13,0,3,7,15,1.05,1.05,1.04,3,3
"212","87",1,0,1,0,1,0,0,0,1,0,0,15,NA,4.5,26,NA,0,NA,2,7,15,1.06,0.86,1.02,3,3,1,1,111092,NA,0,30,5,5.05,41,0.18,0,3,7,15,1,0.99,1.04,3,3
"213","88",1,0,1,1,0,0,0,0,0,0,3,35,3,4.25,NA,NA,1,75,3,7,15,1.06,0.87,0.91,5,5,2,1,121892,2,4,37,4,5.05,42,0.18,0,2,7,15,1.05,0.87,0.94,5,2
"214","91",1,1,1,0,1,0,0,0,1,2,8,22,4,4.25,8,0.15,0,100,2,7,17,1.09,0.93,1.04,3,3,1,1,111792,1,0,30,4,5.05,26,0.18,0,1,7,17,1.11,1.05,1.05,3,3
"215","92",1,1,1,0,1,0,0,0,1,0,4,18,4,4.25,13,0.75,0,100,2,7,15,1.09,0.95,1.03,3,3,1,1,111092,NA,14,6,3,5.05,NA,0.25,0,2,7,15,1.11,1.01,1.05,3,3
"216","93",1,1,1,0,0,1,0,0,0,0,2.5,30,3,4.25,52,0.15,0,90,2,7,16,NA,NA,0.96,NA,NA,1,1,111092,NA,5,25,5,5.05,13,0.15,0,2,7,16,1.11,1.05,1.05,4,3
"217","95",2,0,1,0,1,0,0,0,0,1,18,3,4,4.25,26,0.27,0,40,1,11,10,1.06,0.8,2.56,4,3,1,1,111292,NA,0,14,3,5.05,13,0.25,0,1,11,10,1.05,0.75,2.53,3,3
"218","96",2,0,1,0,0,1,0,0,0,2,0,15,2,4.25,26,0.12,0,80,2,11.5,10,1.06,1.01,2.66,3,2,1,1,111892,3,0,15,5,5.05,26,0.15,0,2,11.5,10.5,1.05,0.94,2.59,4,0
"219","97",2,0,1,0,1,0,0,0,0,2,0,12,4,4.25,13,0.25,1,58,2,11,10,1.02,0.75,2.56,3,2,1,1,111292,NA,2.5,11,3,5.05,13,0.3,0,2,11,10,1.05,0.8,2.54,3,2
"220","98",2,0,1,0,1,0,0,0,1,0,0,20,4,4.25,13,0.4,0,80,3,11,10,1.06,0.8,2.56,3,3,1,1,111292,NA,3,13,3,5.05,13,0.45,0,1,11,10,1.05,0.9,2.53,3,3
"221","99",3,1,1,0,1,0,0,0,1,0,60,40,5,4.75,26,0.15,0,50,2,0,24,1.23,NA,2.3,8,6,2,1,121892,6,30,50,4,5.05,15,0.25,1,2,0,24,1.22,1.17,2.32,5,2
"222","101",3,0,1,0,1,0,0,0,1,3,4.5,15,3,4.75,26,0.15,0,80,2,7,15,1.2,1.18,1.06,6,4,1,1,111392,NA,10,12,3,5.05,26,0.15,0,2,7,15,1.15,1.1,1.05,8,3
"223","102",3,0,1,1,0,0,0,0,0,2,12,13,3,4.4,52,0.2,0,15,2,7,16,1.06,0.91,1.07,6,4,1,1,111392,NA,0,27,2,5.05,52,0.25,0,2,7,15,1.07,1.01,1.05,5,5
"224","104",4,0,1,0,1,0,0,0,1,0,40,20,3,4.62,4,0.32,1,50,2,10.5,11.5,0.95,0.84,0.94,2,2,1,1,111492,1,11,10,3,5.05,26,0.08,1,2,10.5,12.5,1,0.84,0.94,2,2
"225","105",1,0,1,0,0,1,0,0,0,2,0,40,4,4.25,10,NA,0,50,2,6.5,16.5,0.96,1,1.03,4,2,1,1,111092,NA,0,45,4,5.05,13,0.25,0,2,6.5,16.5,1.05,0.99,1.16,4,3
"226","106",1,0,1,0,0,1,0,0,0,0,0,35,3,4.25,26,0.27,0,65,3,7,16,1.06,0.95,0.95,2,1,1,1,111092,NA,2,25,3,5.05,26,0.2,0,0,7,16,1.05,0.95,0.95,2,2
"227","107",1,1,1,0,0,1,0,0,0,0,6,11,3,4.25,8,0.32,0,40,1,8,14.5,1.17,0.95,0.95,3,3,2,1,123092,9,13.5,10,2,5.05,NA,NA,0,1,8,14,NA,1.01,1,4,2
"228","108",1,0,1,0,0,1,0,0,0,2,13.5,15,4,4.25,26,0.37,1,6,1,7,17,1.27,1.01,1.06,3,3,1,1,111692,NA,11,24,5,5.05,26,0.15,0,1,7,17,1.37,1.02,1.05,3,3
"229","111",3,0,1,0,0,1,0,0,0,0,17,14,3,4.25,2,0.42,0,55,3,7,16,1.17,1.06,1.01,5,5,1,1,111892,1,20,14.5,3,5.05,26,NA,0,2,7,16,1.16,1.16,1,5,4
"230","114",1,0,1,0,1,0,0,0,0,2,0,35,5,4.75,26,0.57,1,50,2,7,16,1.07,0.95,0.95,3,NA,1,1,111792,1,20,40,4,5.25,26,0.25,0,2,6.5,16.5,1.11,0.94,0.94,3,3
"231","115",1,0,1,0,1,0,0,0,0,0,20,25,4,4.75,4,0.3,0,25,1,7,17,1.06,0.95,1.06,4,3,1,1,111092,NA,6,15,4,5.05,NA,NA,NA,1,7,17,1.05,0.95,1.01,4,4
"232","116",1,0,1,0,1,0,0,0,0,0,4,22.5,2,4.25,18,0.37,0,90,2,8.5,13,1.49,1.02,1.11,7,3,1,1,111092,NA,22,12,3,5.05,13,0.45,1,2,8.5,13,1.39,0.95,1.21,8,2
"233","118",1,0,1,0,0,1,0,0,0,3,10,15,4,4.25,26,0.15,0,70,2,7,15,1.06,0.95,1.01,4,2,1,1,111692,NA,18,20,3,5.05,26,0.38,0,2,7,15,1.05,0.94,1,4,2
"234","119",1,0,1,0,0,1,0,0,0,2,12,19,3,4.75,13,0.27,1,50,3,6.5,16.5,1.06,0.91,0.95,3,3,1,1,111692,1,18,13,4,5.05,26,NA,0,3,6.5,17.5,1.05,0.89,0.95,3,3
"235","120",1,1,1,0,1,0,0,0,0,3,0,32,3,4.5,NA,NA,0,NA,2,7,16,1.13,0.98,1.04,3,2,1,1,111992,3,0,30,4,5.05,NA,NA,0,2,7,16,1.05,1.05,1.05,3,2
"236","122",1,0,1,0,0,1,0,0,0,0,1,38,5,4.25,4,0.2,0,70,1,9,12.5,NA,1.12,1.12,5,3,1,1,111092,NA,10,50,6,5.05,26,0.1,0,1,9,12.5,1.15,0.94,1.15,6,4
"237","124",1,0,1,0,1,0,0,0,0,1,8,10,3,4.25,13,0.25,0,14,2,8,15,1.06,0.91,1.04,2,2,1,1,111092,NA,21,6,4,5.05,13,0.5,1,3,7,15,1.16,0.94,1.12,2,2
"238","125",2,0,1,0,1,0,0,0,0,0,15,0,4,4.5,26,0.25,0,100,1,10,12.5,0.91,0.85,2.34,3,2,1,1,111492,NA,0,15,2,5.05,52,0.4,0,1,10,12,1.01,1.01,2.49,4,3
"239","130",3,1,1,0,1,0,0,0,0,2,7,25.5,3,4.5,19,0.3,0,15,2,5,18,1.12,1.07,1,4,3,2,1,122192,6,2,38,4,5.05,4,0.15,0,2,7,16,1.11,1.06,1.05,5,3
"240","132",3,1,1,0,1,0,0,0,0,0,20,20,5,4.5,26,0.25,0,80,2,0,24,1.28,1.06,2.3,5,3,1,1,111692,NA,15,20,3,5.5,52,0.25,0,2,7,14,NA,NA,NA,2,2
"241","133",3,1,1,0,1,0,0,0,0,0,6,16,2,4.75,26,NA,0,99,2,6,17,1.12,1.07,1.06,4,3,1,1,111392,NA,3,20,3,5.05,26,NA,0,2,7,15,1.11,1.06,2.11,5,3
"242","134",3,0,1,0,1,0,0,0,0,2,5.5,25,3,4.62,NA,NA,0,42,2,6,16,1.09,NA,0.95,4,3,1,1,111392,NA,6,27.5,3,5.05,52,0.25,0,2,6,16,1.11,1.06,0.94,4,3
"243","136",3,1,1,0,1,0,0,0,0,2,14.5,14.5,5,4.25,21,0.27,0,5,2,6,17,1.12,1.07,1.1,5,4,2,0,121692,3,NA,NA,NA,NA,NA,NA,NA,NA,7,16,NA,NA,NA,NA,NA
"244","137",3,1,1,0,0,1,0,0,0,3,15,25,3,4.25,26,0.15,0,50,2,6,16,1.12,1.06,1.02,6,4,1,1,111692,1,12,30,5,5.05,26,0.25,0,2,7,15,1.11,1.11,1.05,5,3
"245","140",4,0,1,0,1,0,0,0,0,0,0,40,3,4.5,26,0.37,1,25,2,10.5,11.5,0.91,0.86,1.06,2,2,1,1,111492,NA,5,35,5,5.67,4,0.25,1,2,10.5,11.5,1,0.94,1.05,2,2
"246","141",4,0,1,0,1,0,0,0,0,0,10,15,4,4.75,13,0.27,1,NA,2,10.5,12.5,1.02,0.91,1.06,2,2,1,1,111892,2,10,25,3,5.05,13,0.18,1,2,10.5,12.5,1.05,0.84,1.34,2,2
"247","142",4,0,1,0,0,1,0,0,0,0,15,35,4,4.25,26,0.15,1,NA,2,10,11.5,1.06,0.95,1.06,2,2,1,1,111492,NA,40,31,5,5.05,26,0.18,0,2,10,11.5,1.01,0.89,1.26,2,2
"248","146",1,0,1,0,0,1,0,0,0,3,8,20,5,4.8,26,0.25,1,NA,2,7,16,1.06,1,1.06,4,3,1,1,111092,NA,0,32,4.5,5.05,26,0.17,0,2,7,16,1.05,0.99,1.05,4,3
"249","149",1,0,1,0,0,1,0,0,0,1,0,20,4,4.5,26,0.27,0,50,3,7,16,1.06,0.95,0.95,2,1,1,1,111092,NA,8,10,3,5.05,26,0.25,0,2,7,16,1.05,0.94,0.94,2,2
"250","150",1,0,1,0,0,1,0,0,0,2,0,27.5,3.5,4.67,26,0.27,1,2,2,7,16,1.23,0.89,0.89,3,3,2,1,123192,8,12,20,3,5.75,28,0.58,0,2,7,15,1.11,0.88,0.88,3,2
"251","156",1,0,1,0,0,1,0,0,0,0,8,15,3,4.87,6,0.25,0,0,1,7,15,1.06,0.95,1.02,8,3,1,1,111092,NA,2,18,2,5.05,NA,0.3,0,2,7,15,0.95,0.94,1.01,3,NA
"252","158",2,0,1,0,0,1,0,0,0,1,2,7,3,4.5,4,0.12,0,55,1,11,10,0.92,0.7,2.34,3,3,1,1,111192,NA,3,4,4,5.05,13,0.25,0,1,11,11.5,0.95,0.94,2.49,3,2
"253","159",2,0,1,0,0,1,0,0,0,8,6,12,2,4.5,4,0.12,0,22,1,10.5,10.5,0.98,0.85,2.34,3,3,1,1,111492,NA,10,5,4,5.25,13,0.25,0,1,10.5,11.5,0.95,0.84,2.49,4,3
"254","162",3,1,1,0,0,1,0,0,0,2,0,40,3,4.75,26,0.17,0,45,2,6,16.5,1.12,1.02,1.06,NA,1,1,1,111292,NA,3,30,3,5.05,26,0.18,0,2,7,15.5,1.11,1.01,1.05,6,5
"255","166",4,0,1,0,0,1,0,0,0,0,8,32,5,4.75,26,0.25,1,40,2,10.5,11.5,0.95,0.85,1.06,2,2,1,1,111392,1,0,35,4,5.05,26,0.18,0,2,10.5,12.5,1.11,0.84,1.26,2,2
"256","168",1,0,1,0,0,1,0,0,0,0,5,20,4,4.25,4,0.25,1,50,1,7,15,1.06,0.95,0.95,3,3,1,1,111692,NA,0,32,4,5.25,10,0.18,0,1,6,16,1.11,0.95,1.14,3,1
"257","171",1,1,1,0,0,1,0,0,1,0,2,32,3,4.25,8,0.25,0,NA,2,7,16,1.09,0.95,1.04,3,3,1,1,111092,NA,10,12.5,5,5.05,4,0.1,1,2,7,16,1.18,1.04,1.03,3,3
"258","172",1,0,1,0,0,1,0,0,0,0,0,24,5,4.75,13,0.25,0,0.3,1,9,12.5,1.12,1.02,1.06,5,4,1,1,111692,2,7,23,3,5.05,8,0.18,0,1,9,13,1.11,1.01,1.05,6,3
"259","173",1,0,1,0,0,1,0,0,0,3,6,40,10,4.85,26,0.15,0,50,2,6.5,17.5,1.06,0.95,0.98,4,3,1,1,111792,1,11,30,5,5.05,26,0.15,0,2,6,18,1.05,0.94,1.04,4,3
"260","174",1,0,1,0,0,1,0,0,1,2,11,20,4,4.75,26,0.15,0,50,2,7,16,1.18,0.88,0.98,4,3,1,1,111092,NA,20,20,3,5.05,4,0.2,0,2,7,16,1.05,0.9,0.98,3,3
"261","176",1,0,1,0,0,1,0,0,0,0,15,21,4,4.62,13,0.12,0,20,1,7,16,1.06,NA,1.05,4,4,1,1,111792,1,20,27.5,4,5.05,NA,NA,0,2,7,16,1.04,1.06,NA,NA,NA
"262","178",2,1,1,0,0,1,0,0,1,0,13,12,3,4.25,52,0.2,1,96,1,11,10,0.91,0.85,2.34,3,2,1,1,111191,NA,1,10,3,5.05,26,0.25,1,1,11,10.5,1.01,0.94,2.64,3,2
"263","179",2,0,1,0,0,1,0,0,0,2,2,12,3,4.25,13,0.25,1,90,1,10.5,10.5,0.91,0.91,2.34,3,3,1,1,111892,3,2,10,4,5.05,26,0.2,0,1,10.5,11,0.94,0.84,2.49,3,3
"264","180",2,0,1,0,0,1,0,0,1,0,8,3,4,4.5,26,0.25,0,30,2,11,11,1.06,1.01,2.66,4,2,1,1,111192,NA,0,17.5,4,5.05,NA,NA,0,2,11,12,1.05,1.05,2.85,4,4
"265","182",2,0,1,1,0,0,0,0,1,0,3,15,3,4.5,4,0.25,1,100,2,11,11,1.06,1.01,2.66,4,3,1,1,111192,NA,0,15,3,5.05,26,0.25,0,2,11.5,10,1.05,1,2.73,4,3
"266","183",2,0,1,0,0,1,0,0,0,0,12,4,4,4.62,20,0.33,0,100,3,11,11,1.06,1.01,2.66,4,3,1,1,111892,4,15,10,2,5.05,13,0.25,0,2,11,10.5,1.05,1,2.75,4,3
"267","185",2,0,1,0,1,0,0,0,1,0,2,9,3,4.5,13,0.2,0,100,2,11,10.5,1.06,1.01,2.66,4,4,1,1,111192,NA,2,6,3,5.05,26,0.25,1,1,11,10.5,1.05,1,2.75,3,3
"268","186",3,0,1,0,0,1,0,0,0,3,10,20,4,4.75,26,0.15,1,50,2,6,16,1.12,1.02,0.95,5,3,1,1,111892,3,12,18,4,5.05,26,NA,0,2,6,16,1.17,1.06,0.95,5,3
"269","189",3,0,1,0,0,1,0,0,0,0,4,15,3,4.75,39,0.2,0,95,2,7,15,1.12,1.07,1.12,4,2,1,1,111292,NA,0,19,3,5.05,52,0.2,0,2,7,15,1.11,1.06,1.05,5,3
"270","192",4,0,1,0,0,1,0,0,0,2,20,10,4,4.87,26,0.17,1,10,2,10,12,0.91,0.85,1.06,2,2,1,1,111392,NA,4.5,30,3,5.25,19,0.18,0,2,10.5,12.5,1.05,0.84,1.26,2,2
"271","193",4,0,1,0,0,1,0,0,1,3,1,13,3,4.5,13,0.12,1,NA,2,10,11,0.95,0.85,0.99,2,1,1,1,111792,2,4,9,3,5.05,26,0.13,1,2,9,13,1.01,0.9,1.26,2,1
"272","195",4,0,1,0,0,1,0,0,1,3,0,30,3,4.25,26,NA,1,100,2,10.5,11.5,1.06,0.85,1.06,2,2,1,1,111892,2,8,25,3,5.05,26,0.15,0,2,10.5,12.5,0.94,0.84,2.11,2,2
"273","198",1,0,1,0,0,1,0,0,0,0,NA,NA,4,4.25,4,0.12,1,65,3,7,16,1.06,0.95,0.95,3,3,1,1,111792,8,10,32,4,5.05,26,0.15,0,2,7,16,1.05,0.94,0.94,3,3
"274","199",2,0,1,0,0,1,0,0,0,0,0,12,3,4.35,NA,0.12,0,25,1,11,10,0.85,0.8,2.34,4,3,1,1,111192,NA,11,3,4,5.05,2,0.45,NA,1,11,10.5,0.91,0.9,2.45,4,3
"275","200",1,0,1,0,0,1,0,0,0,0,0,60,3,4.25,9,0.2,1,15,2,6,18,1.06,0.91,0.98,4,3,1,1,111092,NA,5,40,4,5.05,52,0.25,0,2,6.5,17.5,1.05,0.94,0.98,5,4
"276","201",1,0,1,0,0,1,0,0,0,0,0,33,3,4.5,26,0.35,0,65,2,7,17,1.06,1.02,0.95,3,3,1,1,111092,NA,16,22,3,5.05,26,0.28,1,1,7,17,1.05,0.95,0.95,3,3
"277","202",1,0,1,0,0,1,0,0,0,2,30,14,4,4.25,4,0.37,1,15,2,6,19,1.17,0.95,0.63,3,3,1,1,111692,NA,13,11,4,5.05,4,0.08,0,3,6,19,1.15,0.95,0.64,3,3
"278","203",1,0,1,0,0,1,0,0,0,2,9,12,2,4.25,26,0.15,0,50,2,7,17,1.06,0.95,0.95,3,3,1,1,111092,NA,4,34,3,5.05,26,0.18,0,0,7,17,1.05,0.95,0.95,3,2
"279","204",1,0,1,0,0,1,0,0,0,0,10,8.5,4,4.25,13,0.27,0,31,2,6.5,17.5,1.06,1,1.06,3,3,1,1,111092,NA,12,13.5,3,5.05,13,0.25,0,2,6.5,17.5,1.05,0.99,1.05,3,2
"280","207",2,1,1,0,0,1,0,0,0,0,8,10,4,4.75,8,0.25,0,25,1,11,12,1.06,0.85,2.34,4,2,1,1,111192,NA,8.5,6,2,5.2,52,0.5,1,1,11,12,1.05,0.84,2.32,5,3
"281","208",3,1,1,0,0,1,0,0,0,1,12,32,4,4.62,26,0.15,0,95,2,6,17,1.19,0.94,0.85,4,4,1,1,111792,2,5,32,3,5.05,26,NA,0,2,8,14,1.06,1.06,1.05,5,5
"282","209",3,1,1,0,0,1,0,0,0,0,4,36,4,4.25,26,0.12,0,75,2,6,18,1.17,0.95,0.95,5,5,1,1,111192,NA,6,37,4,5.05,26,0.2,0,2,7,16,1.11,1.06,1.05,5,5
"283","210",4,1,1,0,0,1,0,0,0,3,0,19,2,4.5,13,0.17,1,90,2,10.5,11.5,1.06,0.95,0.95,4,2,1,1,111392,NA,0,14,3,5.05,13,0.2,0,2,10,11,NA,NA,NA,4,NA
"284","211",1,0,1,1,0,0,0,0,0,2,3,28,4,4.5,13,NA,0,80,2,7,15,1.02,0.95,0.95,3,3,1,1,111692,NA,2,35,4,5.05,4,NA,0,2,7,15,NA,0.9,NA,3,2
"285","212",1,0,1,1,0,0,0,0,0,0,11,17.5,3,4.5,13,0.17,0,95,1,7,16,1.06,0.88,0.84,3,2,1,1,111092,NA,20,15,3,5.05,4,0.53,1,2,7,16,1.05,0.94,0.89,2,2
"286","213",1,1,1,1,0,0,0,0,0,1,4.5,20,4,4.55,4,0.15,0,50,2,6.5,17.5,0.96,0.93,0.93,4,3,2,1,121892,2,12,17.5,4,5.05,19,0.15,1,2,6.5,17.5,1.05,0.94,0.94,4,3
"287","214",1,0,1,1,0,0,0,0,0,0,2,30,3,4.62,6.5,0.25,0,75,2,7,16,1.02,0.89,0.91,2,2,1,1,111892,1,0,35,5,5.05,NA,NA,0,2,6.75,16.25,1.04,0.93,0.96,3,2
"288","215",1,0,1,1,0,0,0,0,0,0,10,10,3,4.5,13,0.2,0,100,2,7,16,1.06,0.89,0.91,3,3,1,1,111092,NA,20,10,3,5.05,26,0.15,0,3,7,16,0.93,0.84,0.93,3,3
"289","216",2,0,1,1,0,0,0,0,0,0,2,11,3,4.25,13,0.15,0,100,1,11,10.5,1.06,0.95,2.77,4,3,1,1,111192,NA,2,18,3,5.05,13,0.2,0,2,11,10.5,1.05,0.94,2.75,5,3
"290","217",2,1,1,1,0,0,0,0,0,0,2,13,2,4.25,13,0.17,0,73,1,11,10,0.95,0.74,2.19,4,3,1,1,111192,NA,0,12,3,5.05,26,0.2,0,1,10.5,10.5,0.94,0.73,2.32,4,4
"291","218",2,1,1,1,0,0,0,0,0,0,7,4,2,4.35,26,0.25,0,5,1,11,10,0.85,0.74,2.34,3,2,1,1,111192,NA,5,3,3,5.05,26,0.25,0,1,11,11,0.95,0.73,2.19,3,3
"292","219",2,1,1,1,0,0,0,0,0,0,3,9,3,4.25,19,0.12,0,50,2,11,10,0.91,0.74,2.34,4,3,1,1,111192,NA,9,9,2,5.05,26,0.18,0,1,10.5,10.5,0.94,0.73,2.53,NA,NA
"293","220",2,0,1,1,0,0,0,0,0,4,3,15,2,4.25,13,0.25,0,50,2,11,10,1.06,0.95,2.77,5,3,1,1,111492,1,3,12,3,5.05,13,0.13,0,1,11,10,1.09,0.9,2.75,4,3
"294","221",2,0,1,1,0,0,0,0,0,0,1,28,3,4.6,13,0.25,0,95,1,11,11,1.02,0.95,2.56,4,3,1,1,111192,NA,1,15,3,5.05,13,0.15,0,1,11,11,1.05,0.94,2.53,4,3
"295","222",3,1,1,1,0,0,0,0,0,3,2,24,3,4.25,13,0.25,0,75,2,9,12.5,1.12,0.85,1.06,3,1,1,1,111192,NA,2,15,3,5.05,26,0.2,0,2,10,11.5,1.01,1.01,0.89,3,1
"296","223",3,1,1,1,0,0,0,0,0,2,3,18,3,4.75,13,0.25,0,30,2,6,16,NA,NA,NA,3,2,2,1,121892,2,3,20,3,5.05,28,0.25,0,2,7,15,1.01,1.01,0.94,3,2
"297","225",3,1,1,1,0,0,0,0,0,0,3,27,3,4.75,13,0.2,0,25,2,6,17,1.06,0.91,0.91,6,3,1,1,111192,NA,12,25,4,5.05,4,0.1,0,2,6,17,1.01,1.01,0.94,5,3
"298","226",4,0,1,1,0,0,0,0,0,0,0,22,2,4.25,13,0.25,0,60,1,10.5,11.5,0.95,0.71,0.95,2,2,1,1,111792,1,0,26,2,5.3,52,0.15,0,1,10.5,10.5,1,0.85,0.94,2,2
"299","228",4,0,1,1,0,0,0,0,0,0,3,28.5,3,4.5,13,0.2,1,20,3,10.5,12.5,0.95,0.86,0.95,2,2,1,1,111392,NA,11,19,3,5.05,NA,NA,0,1,10.5,12.5,1,0.84,0.89,2,NA
"300","229",1,0,1,0,0,1,0,0,0,2,3,40,3,4.5,26,0.1,0,30,2,8.5,13.5,0.95,0.95,1.06,5,4,1,1,111692,NA,22,11,3,5.5,26,0.15,1,2,8.5,13.5,1.01,0.94,0.94,4,3
"301","230",1,0,1,0,0,1,0,0,0,0,0,25,3,4.25,26,0.1,0,60,1,7,17,1.02,0.95,0.95,3,2,1,1,111692,NA,15,17,3,5.05,26,0.18,0,1,7,17,1.05,0.94,0.94,3,2
"302","232",1,0,1,0,0,1,0,0,0,3,18,6,3,4.75,26,0.12,1,46,3,7,16,1.06,0.95,0.95,3,3,1,1,111892,3,18,10,4,5.05,13,0.25,0,2,7,15,1.05,0.95,0.95,3,2
"303","233",1,0,1,0,0,1,0,0,0,0,19,7,3,4.65,13,0.32,0,10,2,7,16,1.17,0.95,0.95,2,2,1,1,111092,NA,15,7,3,5.05,26,0.25,0,2,7,16,1.05,0.94,0.94,2,2
"304","235",1,0,1,0,0,1,0,0,0,2,5,17,1,4.25,26,0.21,0,100,2,7,16,1.02,0.95,1.04,3,2,2,1,121592,4,NA,28,3,5.05,28,0.5,1,2,8,15,1.11,1.11,1.03,4,2
"305","237",1,0,1,0,0,1,0,0,0,2,12,11,4,4.25,13,0.25,0,50,2,7,16,1.11,0.95,1.01,2,2,1,1,110992,NA,9,17,4,5.05,4,0.2,0,2,7,15.5,0.94,0.94,1,2,2
"306","238",2,1,1,0,0,1,0,0,0,2,0,22,3,4.75,9,0.12,0,100,1,11,12,1.06,1.02,2.34,5,3,1,1,111192,NA,25,15,5,5.05,13,0.25,1,1,11,12,1.05,1.05,2.32,5,3
"307","239",2,0,1,0,0,1,0,0,0,1,15,4,3,4.25,13,0.25,0,35,1,10.5,13.5,1.05,0.95,2.74,5,3,1,1,111292,NA,0,19,2,5.05,26,0.28,0,1,10.5,12.5,1.05,0.84,2.32,5,3
"308","243",3,1,1,0,0,1,0,0,0,0,7,25,3,4.5,8,0.25,0,40,2,6,16.5,1.07,1.02,0.74,6,3,1,1,111192,NA,7,22,3,5.05,26,0.1,0,2,7,15.5,1.11,1.06,1.05,6,2
"309","244",3,1,1,0,0,1,0,0,0,3,12,30,3,4.25,4,0.25,0,40,2,6,18,1.17,1.12,1.02,4,3,1,1,111192,NA,16,12,6,5.05,26,0.25,0,2,7,17,1.11,1.12,1.05,5,3
"310","247",4,0,1,0,0,1,0,0,0,3,0,40,4,4.5,13,0.1,0,75,2,10.5,15.5,1.06,1.05,1.06,2,2,2,1,121792,7,0,40,4,5.05,NA,NA,1,2,10.5,15.5,1.11,1.09,2.07,2,2
"311","248",4,0,1,0,0,1,0,0,0,2,8,16,6,4.75,13,0.37,0,NA,2,10,16,1.17,0.95,0.85,2,2,1,1,111392,NA,10,14,6,5.05,26,0.25,0,2,10,16,1.37,0.95,2.03,2,1
"312","249",1,0,1,1,0,0,0,0,1,1,6,6,4,4.37,4,0.25,0,63,1,7,15,1.13,1.06,0.95,3,2,1,1,110992,NA,10,12,3,5.05,4,0.1,0,1,7,15,1.01,1.01,0.94,3,2
"313","250",2,1,1,1,0,0,0,0,1,2,1,4,2,4.5,13,0.3,0,100,1,11,10,0.85,NA,NA,4,1,1,1,111292,NA,2,4,3,5.05,6,0.25,0,1,11,10,0.94,0.84,2.52,5,3
"314","253",3,1,1,1,0,0,0,0,0,0,7,7,3,4.87,52,NA,0,NA,2,7,13,1.23,1.06,2.3,2,2,1,1,111192,NA,4,8,6,5.05,52,0.23,NA,2,7,16,1.23,1.11,2.28,3,2
"315","257",1,0,1,1,0,0,0,0,1,2,20,10,3,4.25,39,0.2,0,10,2,7,16,1.02,0.88,0.91,2,2,2,2,121492,2,NA,NA,NA,NA,NA,NA,NA,NA,NA,NA,NA,NA,NA,NA,NA
"316","258",1,0,1,1,0,0,0,0,0,0,4,22,3,4.25,8,0.15,0,38,2,7,16,1.06,0.92,0.9,3,3,1,1,110992,NA,20,18,3,5.05,13,NA,0,2,6,18,1.08,0.94,0.84,3,3
"317","260",1,1,1,1,0,0,0,0,0,2,10,20,4,4.25,4,0.17,1,100,2,7,16,1.06,0.93,0.88,4,2,1,1,110992,NA,4,26,5,5.05,8,0.28,0,2,7,16,1.09,0.94,0.93,3,3
"318","262",1,0,1,1,0,0,0,0,0,0,7,13,3,4.25,13,0.25,0,78,2,6.5,16.5,1.06,0.95,1.06,4,4,1,1,110992,NA,0,22.5,3,5.05,NA,0.25,0,2,6.5,17.5,1.08,1.02,0.87,3,3
"319","264",1,0,1,1,0,0,0,0,0,5,0,10,2,4.25,13,0.25,1,60,3,7,15,1.02,0.88,0.91,2,2,2,1,121492,2,0,23,5,5.05,14,NA,0,2,7,16,1.05,1.11,0.94,3,3
"320","265",1,0,1,1,0,0,0,0,0,3,0,20,1,4.25,26,0.15,0,100,2,7,16,1.02,0.88,0.94,3,3,2,3,121492,1,0,0,0,NA,NA,NA,NA,NA,NA,NA,NA,NA,NA,NA,NA
"321","267",1,0,1,1,0,0,0,0,0,0,6.5,20,3,4.25,26,0.22,0,80,2,7,16,0.9,0.8,0.8,3,2,1,1,110992,NA,30,25,5,5.05,26,0.2,0,3,7,16,1.05,0.88,0.91,3,2
"322","269",2,1,1,1,0,0,0,0,0,0,2,10,3,4.45,13,0.12,0,33,2,11,10,0.95,0.69,1.5,4,3,1,1,111892,3,10,3,4,5.05,26,0.17,0,2,11,11,0.94,0.73,2.32,4,3
"323","273",2,1,1,1,0,0,0,0,0,0,2,14,4,4.62,13,0.2,0,95,1,11,10,0.95,0.74,2.34,4,3,1,1,111792,2,2,11,3,5.05,6,0.18,0,1,11,10,0.95,0.74,2.32,4,3
"324","275",2,1,1,1,0,0,0,0,0,0,4,4,4,4.25,9,0.25,0,38,2,11,11,0.95,0.79,2.34,4,3,1,1,111492,2,1,8,2,5.05,13,0.39,0,1,11,10.5,0.94,0.73,2.32,4,2
"325","277",2,1,1,1,0,0,0,0,0,0,2,15,3,4.25,9,0.25,0,10,3,11,10,0.95,0.85,2.34,3,3,1,1,111492,1,1,14,3,5.05,NA,NA,0,1,11,10,0.94,0.73,2.32,3,3
"326","278",2,1,1,1,0,0,0,0,0,0,3,4,3,4.25,3,0.25,0,43,2,11,10,0.95,0.74,2.19,4,3,1,1,111392,NA,0,9,4,5.05,NA,NA,0,1,11,11,0.95,0.73,2.32,5,3
"327","282",3,1,1,1,0,0,0,0,0,2,2,14,3,4.25,13,0.13,0,25,2,6,16,1.06,0.91,0.79,4,3,2,3,121492,1,0,0,0,NA,NA,NA,NA,NA,NA,NA,NA,NA,NA,NA,NA
"328","284",3,1,1,1,0,0,0,0,0,1,5,23,4,4.5,13,0.25,1,88,2,6,16,1.02,0.91,0.91,5,4,1,1,111692,1,6,12,3,5.05,26,0.28,0,2,6,16,1.01,1.01,0.94,4,3
"329","285",3,1,1,1,0,0,0,0,0,1,3,25,3,4.75,4,0.25,0,70,2,6,16,1.02,0.91,0.8,4,2,1,1,111292,NA,3,15,3,5.05,52,0.13,0,2,6,16,1.01,1.01,1.01,4,2
"330","286",3,1,1,1,0,0,0,0,0,4,1,15,3,4.75,13,0.25,0,66,2,10,11.5,1.12,NA,0.95,2,1,1,1,111692,1,2,15,3,5.05,26,0.18,0,2,10,11.5,1.02,1.01,0.94,2,1
"331","287",3,1,1,1,0,0,0,0,0,2,3,18,3,4.5,13,0.17,0,70,2,6,16,1.06,0.91,0.95,5,3,1,1,111292,NA,2,15,3,5.05,4,0.15,0,2,6,16,1.01,1.01,0.94,5,3
"332","288",3,1,1,1,0,0,0,0,0,3,0,20,3,4.75,NA,0.25,0,15,2,6,16,1.02,0.95,0.95,6,4,1,1,111292,NA,5,9,3,5.05,19,0.15,0,2,6,16,1.01,1.01,0.89,5,2
"333","289",3,1,1,1,0,0,0,0,0,2,2,12,2,4.25,13,0.2,0,50,2,6,16,1.02,0.95,0.95,5,3,1,1,111292,NA,3,10,2,5.05,26,0.25,0,2,7,15,1.01,1.01,2,6,3
"334","290",4,0,1,1,0,0,0,0,0,1,8,12,3,4.75,26,0.1,0,35,3,10.5,12.5,0.95,0.89,0.95,2,2,1,1,111392,1,0,23,2,5.05,NA,NA,0,1,10.5,11.5,1,0.85,0.94,2,2
"335","291",4,0,1,1,0,0,0,0,0,0,4,20,3,4.55,16,0.12,0,25,1,10.5,11.5,0.95,0.86,0.95,2,2,1,1,111392,NA,5,16,3,5.1,17,0.1,1,2,10.5,11.5,1,0.85,0.94,2,2
"336","292",4,0,1,1,0,0,0,0,1,2,10,15,3,4.8,26,0.12,0,2,1,7,16,0.95,0.92,0.95,2,1,1,1,111392,NA,15,11,3,5.05,52,0.25,1,1,7,16,1,0.84,2.69,2,2
"337","295",1,0,1,0,0,1,0,0,0,3,8,9,3,4.75,26,0.12,0,100,2,6.5,16.5,1.06,0.95,0.95,3,3,2,1,121592,1,NA,21,4,5.05,28,0.18,0,2,6,18,1.05,0.94,0.94,3,3
"338","297",1,1,1,0,0,1,0,0,0,1,9,15,3,4.25,13,0.05,0,100,2,7,16,1.06,0.91,0.98,3,3,1,1,111792,2,15,30,4,5.05,26,0.15,0,2,7,16,1.05,0.94,0.98,3,2
"339","303",3,1,1,0,0,1,0,0,0,0,10,35,3,4.35,26,0.27,1,28,2,6,17,1.12,1,1.02,6,5,1,1,111692,NA,12,35,3,5.05,13,0.15,0,2,7,16,1.05,1.05,1.05,5,3
"340","304",3,0,1,0,0,1,0,0,0,3,10,20,3,4.5,26,0.37,0,50,2,6,17,1.27,1.27,2.24,5,3,1,1,111292,NA,10,15,4,5.05,26,0.38,1,1,0,24,1.4,1.29,1.05,5,5
"341","305",3,1,1,0,0,1,0,0,0,2,0,20,3,4.39,NA,NA,0,NA,2,6,17,1.27,1.27,1.06,5,4,1,1,111792,1,5,22,4,5.05,2,0.35,0,1,6,18,1.37,1.31,1.05,5,4
"342","307",3,1,1,0,0,1,0,0,0,0,17.5,17.5,4,4.25,15,0.5,0,90,2,6,18,1.19,1.19,1.06,5,5,1,1,111892,1,25,25,6,5.2,NA,NA,0,2,0,24,1.26,NA,1.05,5,5
"343","310",4,0,1,0,0,1,0,0,0,2,0,28,4,4.25,13,0.25,1,61,2,10.5,11.5,0.91,0.91,1.94,2,1,1,1,111392,NA,3,23,3,5.05,26,0.3,0,2,10.5,11.5,0.97,0.9,2.06,2,2
"344","312",1,0,1,1,0,0,0,0,1,3,4,6,3,4.25,10,0.22,0,100,1,8,11,1.22,1.06,0.93,3,1,1,1,110992,NA,3,2,3,5.05,4,0.25,0,1,9,10,1.26,1.05,1.02,3,1
"345","313",1,0,1,1,0,0,0,0,1,0,11,9,4,4.5,4,0.25,0,80,1,7,15,1.06,0.93,0.94,3,2,1,1,110992,NA,0,30,NA,5.05,8,0.25,0,1,7,15,1,1.01,0.89,3,3
"346","314",1,0,1,1,0,0,0,0,1,8,8,12,3,4.62,4,0.25,0,80,1,7,15,1.06,0.95,0.91,3,2,1,1,110992,NA,15,6,4,5.25,13,0.15,0,1,6,16,1.05,0.74,0.94,3,3
"347","316",1,1,1,1,0,0,0,0,1,0,15,15,3,4.62,8,0.25,0,10,2,7,16,1.06,0.92,0.87,3,2,1,1,111692,NA,12,14,3,5.05,26,0.15,1,2,7,16,1.05,0.94,0.94,NA,NA
"348","317",1,0,1,1,0,0,0,0,1,3,0,8,2,4.25,13,0.17,0,100,1,8,12,1.22,0.93,0.96,3,1,1,1,111792,1,4,0,3,5.05,8,0.13,0,1,8,10.5,1.26,1.05,1.05,2,1
"349","318",2,0,1,1,0,0,0,0,1,3,5,7,3,4.75,13,0.25,1,36,2,11,12,1.23,0.98,2.61,3,3,1,1,111292,NA,7,6,4,5.05,13,0.5,1,1,10.5,11.5,1.11,0.95,2.59,3,3
"350","319",2,0,1,1,0,0,0,0,1,2,0,11,3,4.62,2.5,0.12,1,NA,2,10.5,12.5,1.06,0.85,3.95,NA,NA,1,1,111292,NA,22,4,3,5.05,13,0.25,1,1,10.5,11.5,0.95,0.9,2.43,4,3
"351","322",3,1,1,1,0,0,0,0,1,0,8,13,4,4.75,13,0.15,0,25,2,6,16,1.06,1.06,1.02,6,2,1,1,111692,1,12,5,4,5.05,13,NA,0,2,7,15,0.96,1.01,0.94,6,3
"352","325",3,1,1,1,0,0,0,0,1,0,4,15,4,4.5,10,0.25,0,50,2,6,15,1.09,1.06,0.79,6,3,1,1,111692,NA,1,15,3,5.05,26,0.1,0,2,7,15,1.02,1.01,1.01,6,3
"353","333",1,0,1,0,1,0,0,0,0,0,2,16.5,4,4.25,13,0.2,0,100,2,7,15,1.02,0.88,0.82,4,NA,1,1,110992,NA,3,20,3,5.05,13,0.18,0,2,7,15,1.04,0.87,0.87,3,3
"354","336",1,0,1,1,0,0,0,0,0,2,28,12,4,4.5,4,0.2,0,80,2,7,15,1.02,0.91,0.93,3,2,1,1,110992,NA,10,20,5,5.05,6,0.2,0,2,6,16,0.95,1.05,0.94,3,3
"355","337",1,1,1,1,0,0,0,0,0,0,5,29.5,5,4.87,NA,0.3,0,90,3,7,17,1.06,0.93,0.93,4,3,1,1,110992,NA,25,5,3,5.05,26,NA,0,2,7,17,NA,NA,NA,NA,NA
"356","339",1,1,1,1,0,0,0,0,0,2,18,6,2,4.25,26,0.37,0,70,3,7,16,1.06,0.85,0.95,3,3,1,1,111692,NA,5,9,2,5.05,13,0.25,1,1,7,16,0.95,0.95,0.95,3,3
"357","340",1,0,1,1,0,0,0,0,0,3,6,30,3,4.25,26,0.1,0,30,2,7.5,14.5,0.96,0.95,0.85,5,4,1,1,111692,NA,15,17,2,5.05,8,0.15,0,2,6,16,1.05,0.84,0.84,5,4
"358","341",2,1,1,1,0,0,0,0,0,0,2,7,2,4.62,4,0.25,0,33,1,11,9.5,0.95,0.74,2.34,3,3,1,1,111492,NA,3,7,3,5.05,NA,NA,0,1,11,11,0.9,0.84,2.32,4,2
"359","343",2,1,1,1,0,0,0,0,0,0,10,6,2,4.75,26,0.25,0,43,2,11,10.5,0.95,0.74,2.34,4,3,1,1,111892,4,4,11,2,5.05,6,0.15,0,2,11,12,0.95,0.85,2.32,4,3
"360","346",2,1,1,1,0,0,0,0,0,0,2,10.5,2,4.25,19,0.2,0,NA,2,11,10,0.95,NA,NA,4,3,1,1,111292,NA,3,12,3,NA,NA,NA,0,1,11,11,0.85,NA,NA,NA,NA
"361","348",3,1,1,0,1,0,0,0,0,0,3,10.5,3,4.25,13,0.2,0,75,2,10.5,10.5,1.02,1.06,0.95,3,2,2,3,121892,1,0,0,0,NA,NA,NA,NA,NA,NA,NA,NA,NA,NA,NA,NA
"362","350",3,1,1,1,0,0,0,0,0,0,8,9,4,4.75,13,0.37,0,60,2,6,16,1.06,0.91,1.12,5,NA,1,1,111892,1,5,20,2,5.05,13,0.23,0,2,6,17,1.01,1.01,0.89,5,4
"363","351",3,1,1,1,0,0,0,0,0,1,2,27.5,3,4.25,NA,NA,0,NA,2,6,16,1.02,0.9,0.95,4,3,1,1,111792,2,10,20,4,5.05,52,0.53,0,2,6,16,1.01,1.01,0.73,4,2
"364","352",3,1,1,0,0,1,0,0,0,0,0,19,4,4.75,8,0.25,0,50,2,10,11.5,1.12,0.91,0.99,2,2,2,5,122392,9,NA,NA,NA,NA,NA,NA,NA,NA,NA,NA,0.95,0.95,0.89,NA,NA
"365","353",3,1,1,1,0,0,0,0,0,0,7.5,22.5,3,4.37,13,0.22,0,90,2,6,16,1.07,0.85,0.95,5,3,2,1,121492,4,NA,31,4,5.05,28,NA,0,2,6,16,1.01,1.01,0.89,3,3
"366","355",4,0,1,0,1,0,0,0,0,0,2,17,3,4.87,26,0.15,1,100,1,10.5,11.5,0.95,0.92,0.95,2,2,1,1,111392,NA,3,17,2,NA,NA,NA,0,1,10.5,11.5,1,0.85,0.89,2,2
"367","359",1,1,1,1,0,0,0,0,0,1,0,22,4,4.25,26,0.17,0,100,2,7,15,1.02,0.85,0.82,3,3,1,1,111692,NA,0,26,4,5.05,26,0.25,0,2,7,16,1.05,0.87,0.82,3,2
"368","360",1,0,1,1,0,0,0,0,0,0,3,25,2,4.25,13,0.15,1,100,2,7,15,1.06,0.84,0.89,3,3,1,1,111692,NA,5,32,7,5.05,4,0.25,0,2,7,16,1.05,0.87,0.82,3,3
"369","361",1,0,1,1,0,0,0,0,0,0,6,13,5,4.25,26,0.22,0,100,2,7,16,1.02,0.91,0.85,3,3,1,1,110792,NA,4,23,6,5.05,26,0.18,0,2,7,16,0.9,0.93,0.92,3,2
"370","362",2,0,1,1,0,0,0,0,0,0,6,13,NA,4.25,13,0.66,1,100,2,10.5,12.5,1.06,0.81,2.45,5,3,1,1,111292,NA,24,4,4,5.05,13,0.18,0,1,10.5,12.5,1.05,0.84,2.43,5,3
"371","363",2,0,1,1,0,0,0,0,0,2,0,25,3,4.25,18,0.18,0,75,2,10.5,12.5,1.06,0.8,2.45,4,3,1,1,111292,NA,14,7,2,5.2,4,0.13,0,2,10.5,12.5,1.01,0.8,2.43,4,4
"372","364",2,0,1,1,0,0,0,0,0,3,3.5,20,3,4.25,13,0.12,1,NA,2,11,12,0.95,0.85,2.45,4,4,1,1,111492,NA,1,30,4,5.05,52,0.25,0,1,10.5,12.5,1.05,0.84,2.43,5,3
"373","366",3,0,1,1,0,0,0,0,0,3,2,17,3,4.5,13,0.25,0,50,2,10.5,11.5,1.02,0.91,0.63,5,4,1,1,111892,1,1,19,4,5.05,13,0.25,0,2,10.5,11.5,1.01,0.9,0.63,4,3
"374","368",4,0,1,1,0,0,0,0,0,1,0,20,3,4.25,13,0.15,0,20,3,10.5,12.5,0.89,0.86,0.95,2,1,1,1,111392,NA,0,25,2,5.05,19,0.15,0,1,10.5,11.5,1,0.85,0.95,2,2
"375","369",1,1,1,0,0,1,0,0,0,1,0,15,4,4.35,18,0.12,0,87,2,7,15,1.17,1.06,1.17,3,2,2,3,120992,NA,0,0,0,NA,NA,NA,NA,NA,NA,NA,NA,NA,NA,NA,NA
"376","370",1,0,1,0,0,1,0,0,0,0,20,11.5,3.3,4.85,18,0.25,0,80,3,7,16,1.06,0.95,0.95,3,2,1,1,110792,NA,26,5,3,5.05,NA,0.1,1,3,7,16,NA,NA,NA,3,2
"377","376",1,0,1,0,0,1,0,0,0,3,4,10,4,4.5,13,0.1,0,NA,2,8,14,0.95,0.95,0.96,8,4,1,1,111792,2,0,17,3,5.05,15,0.2,1,2,8,14,1.26,1.01,1,3,3
"378","377",1,0,1,0,0,1,0,0,0,3,12,6,3,4.25,26,0.15,1,90,2,8,14,1.06,0.95,0.95,3,2,1,1,110792,NA,11,12,3,5.05,26,0.2,0,2,8,14,1.05,0.95,0.94,3,1
"379","379",1,0,1,0,0,1,0,0,0,0,20,12,4,4.62,26,0.17,0,30,3,7,16,1.06,1.06,0.95,3,2,1,1,111792,1,28,6,3,5.05,52,0.15,1,1,7,16,1.06,1.06,1.06,3,2
"380","380",1,0,1,0,0,1,0,0,0,0,10,15,3,4.5,52,0.2,0,50,3,7,16,1.06,0.95,0.95,3,2,1,1,110792,NA,15,14,3,5.05,26,0.13,0,1,7,16,1.05,0.94,0.94,3,2
"381","383",1,0,1,0,0,1,0,0,0,3,6,4,2,4.5,26,0.25,0,30,1,7,16,1.15,0.95,0.95,2,2,1,1,111892,2,7,2,2,5.05,26,0.38,0,1,7,16,1.16,1.01,1.05,2,2
"382","384",1,0,1,0,0,1,0,0,0,3,NA,NA,3,4.65,26,0.25,0,NA,2,7,16,1.06,0.95,0.95,3,2,1,1,110792,NA,0,30,3,5.05,26,0.1,0,3,7,16,1.05,1.05,0.89,3,2
"383","385",1,0,1,0,0,1,0,0,0,2,16,14,3,4.25,NA,0.15,1,25,1,7,17,NA,NA,NA,3,2,2,1,120992,4,15,14,3,5.05,28,0.1,0,2,7,17,1.16,1.22,0.41,3,3
"384","386",1,0,1,0,0,1,0,0,0,0,0,19,3,4.25,39,0.25,0,NA,1,7,17,1.06,0.95,0.95,3,2,1,1,111692,NA,14,10,4,5.05,26,0.25,0,1,7,17,1.05,0.95,0.95,4,2
"385","391",2,0,1,0,0,1,0,0,0,3,15,5,2,4.25,6,0.12,0,12,2,11,10,1.06,1.06,2.66,3,3,1,1,111492,2,12,7,2,5.05,NA,NA,0,2,11,10,1.05,1.05,2.64,4,3
"386","393",2,1,1,0,0,1,0,0,0,4,4,10,3,4.62,2,0.25,0,100,2,11,11,1.17,1.27,2.77,3,2,1,1,111792,3,18,4,3,5.25,13,0.25,1,1,11,11,1.16,1.26,2.75,3,2
"387","396",3,1,1,0,0,1,0,0,0,1,24,16,4,4.87,9,0.37,0,10,2,6,17,1.27,1.07,2.13,5,3,1,1,111192,NA,8,30,3,5.4,26,0.1,0,2,7,16,1.11,1.05,1.05,5,3
"388","397",3,1,1,0,0,1,0,0,0,2,4,28,3,4.25,52,0.62,0,85,2,6,17,1.12,1.02,1.06,4,3,2,1,122892,9,6,15,3,5.05,52,0.24,0,2,6,17,1.17,1.06,2.11,4,3
"389","398",3,1,1,0,0,1,0,0,0,1,14,13,4,4.75,13,0.15,0,25,2,6,17,1.12,1.06,1.06,5,4,2,1,121092,2,25,15,3,5.05,28,NA,0,2,6,17,1.11,1.06,1.05,5,3
"390","399",3,1,1,0,0,1,0,0,0,0,13,8,3,4.87,18,0.3,1,NA,2,6,17,1.27,1.04,1.12,7,3,1,1,111192,NA,18,18,4,5.05,26,0.23,0,2,7,16,1.26,1.08,1.05,7,4
"391","400",3,1,1,0,0,1,0,0,0,0,16,15,3,4.5,39,0.5,0,50,3,6,17,1.2,1.06,1.06,5,5,1,1,111192,NA,8,24,3,5.05,41,0.15,0,2,7,16,1.17,1.01,1.05,5,3
"392","401",3,0,1,0,0,1,0,0,0,0,8,6,4,4.25,13,0.17,1,18,2,7,16,1.12,1.02,1.02,6,4,1,1,111792,2,5,27,4,5.05,26,0.15,0,2,6,16,1.12,1.05,1.05,6,4
"393","402",3,1,1,0,0,1,0,0,0,2,11,10,3,4.75,26,0.25,0,20,2,6,16,1.12,1.02,1.06,4,2,1,1,111692,NA,17,5,2,5.05,26,0.13,0,2,7,15,1.11,1.05,1.05,4,1
"394","405",3,1,1,0,0,1,0,0,0,3,6,17,3,4.32,26,0.12,0,57,2,6,17,1.12,1.02,1.06,7,4,1,1,111692,NA,1.5,15,3,5.05,26,0.15,0,2,7,16,1.12,1.01,1.05,6,3
"395","410",1,0,1,0,0,1,0,0,0,0,0,35,3,4.25,26,0.1,0,NA,3,7,16,1.04,1.12,1.02,4,3,1,1,111692,NA,0,35,3,5.05,26,0.1,1,2,7,16,1.19,0.98,1.01,4,3
"396","411",1,0,1,0,0,1,0,0,0,1,0,36,3,4.5,26,0.1,0,100,2,7,16,1.16,1.02,1.09,5,4,1,1,111692,NA,4,36,3,5.05,4,0.13,1,2,7,16,1.15,1.01,1.01,5,4
"397","412",2,0,1,0,1,0,0,0,0,0,0,17,2,4.5,NA,0.37,0,18,1,11,11,1.06,1.02,2.34,5,2,1,1,111292,NA,0,13,2,5.05,NA,NA,0,1,11,11,1.15,1.05,2.64,5,3
"398","413",1,0,1,0,0,1,0,0,0,0,0,36,5,4.25,9,0.5,0,100,1,6,17,1.12,1.02,1.06,4,3,1,1,110792,NA,0,20,3,5.05,26,0.13,1,1,7,17,1.11,1.01,1.05,4,2
"399","414",1,0,1,0,0,1,0,0,0,0,0,36,5,4.25,26,NA,0,45,1,7,16,1.06,0.95,1.11,4,2,1,1,111692,NA,13,9,4,5.05,26,0.38,1,3,7,16,1.15,0.95,1.13,4,3
"400","415",1,0,1,0,0,1,0,0,0,0,8,32,5,4.25,9,NA,1,65,2,7,16,1.06,0.91,0.98,5,3,1,1,110792,NA,0,38,4,5.05,52,NA,0,2,7,16,1.05,0.9,1.04,4,2
"401","417",1,1,1,0,0,1,0,0,0,0,4,28,3,4.25,13,0.2,1,90,2,7,16,1.05,0.94,1.07,4,4,1,1,110992,NA,13,17,4,5.05,26,0.15,1,3,7,16,1.11,1.09,1,3,2
"402","418",1,0,1,0,0,1,0,0,0,2,30,15,4,4.25,26,0.1,1,10,2,8,15,1.02,1.01,0.52,4,3,1,1,110992,NA,0,35,4,5.05,26,0.15,0,2,7,16,1.03,0.9,0.59,3,3
"403","419",2,1,1,0,0,1,0,0,0,4,3,10,4,4.25,NA,0.5,0,15,2,11,11,1.06,0.85,2.34,4,4,2,1,121592,4,5,5,2,5.05,NA,NA,0,1,11,11,1.05,0.84,2.53,4,3
"404","421",2,1,1,0,0,1,0,0,0,3,20,10,8,4.62,4,0.37,0,10,2,10.5,13,1.06,0.85,2.34,4,2,1,1,111792,3,25,7,8,5.05,4,1,0,2,10.5,13,1.05,0.84,2.32,4,2
"405","422",2,0,1,0,0,1,0,0,0,2,0,7,3,4.75,NA,0.25,0,NA,2,10,11,1.06,0.85,2.34,4,2,1,1,111492,2,5,10,6,5.05,NA,NA,0,1,11,11,1.01,0.84,2.32,4,4
"406","423",2,1,1,0,0,1,0,0,0,3,2,10,2,4.95,13,0.5,1,33,1,11,12,1.06,0.85,2.34,3,2,1,1,111492,1,19,3.5,3,5.25,13,0.5,0,1,11,11,1.05,0.84,2.32,3,2
"407","424",2,1,1,0,0,1,0,0,0,0,3.5,6.5,3,4.75,13,0.25,0,45,1,11,11,1.06,0.85,2.34,5,3,1,1,111792,1,12,3,4,5.25,19,0.5,0,1,11,14,1.05,0.94,2.32,5,3
"408","426",3,1,1,0,0,1,0,0,0,0,3,33,5,4.25,26,0.15,0,75,2,5,19,1.18,1.02,1.06,5,3,1,1,111192,NA,5,25,3,5.05,19,0.25,1,2,6,18,1.11,1.05,1.05,6,5
"409","427",4,0,1,0,0,1,0,0,0,3,7,8,3,4.75,13,0.1,0,40,2,10.5,12.5,1.06,0.98,2.03,2,2,2,1,121792,4,0,35,3,5.05,NA,NA,1,2,10.5,12.5,1.11,1.09,2.07,2,2
"410","428",4,0,1,0,0,1,0,0,0,2,0,33,3,4.62,13,0.12,0,100,2,10.5,12.5,1.06,0.98,1.06,2,2,1,1,111392,NA,10,24,3,5.14,13,0.1,0,2,10.5,12.5,1.05,0.89,2.11,2,2
